age,income,marital_status,dependents,employment_years,credit_score,debt_to_income_ratio,num_credit_cards,savings_balance,credit_usage,avg_monthly_spending,internet_usage_hours,social_media_usage_hours,churn_risk
53,158188.71,widowed,2,33,452,0.51,2,52927.12,19812.93,8611,10.89,8,1
34,122150.24,widowed,5,17,458,0.39,2,38476.9,36010.08,3355.45,29.27,22.01,0
45,197109.41,widowed,3,28,439,0.52,1,72008.09,13961.18,5020.01,8.34,7.01,0
37,152554.13,widowed,3,17,565,0.55,2,51247.67,32005.15,3678.28,16.99,12.48,0
59,133249.43,married,4,34,422,0.55,3,35884.56,25343.37,9618.18,8.55,4.88,1
60,129282.79,married,2,38,607,0.53,2,37839.47,23616.6,3464.64,23.64,9.56,0
36,60326.26,married,3,17,507,0.51,3,8003.22,56491.44,4448.79,11.98,8.47,1
21,87132.75,single,0,5,486,0.55,2,12620.97,19225.82,6256.05,9.65,4.54,1
26,231966.68,married,3,8,417,0.53,2,88709.74,5886.06,4212.59,26.58,16.37,0
29,204217.08,single,0,11,538,0.57,2,81182.44,58612.42,8471.58,10.08,8.3,1
26,220521.42,married,3,5,571,0.43,1,76327.35,69396.88,2959.17,10.57,9.26,0
38,86954.72,single,1,13,532,0.39,2,6277.87,25654.56,9348.71,9.85,5.07,1
29,204217.08,single,0,11,538,0.57,2,81182.44,58612.42,8471.58,10.08,8.3,1
35,180211.42,widowed,4,14,577,0.39,2,68945.32,8992.2,6399.64,28.22,25.29,0
41,78043.64,married,2,24,499,0.49,3,19771.44,36240.91,4423.85,10.24,6.01,0
56,152295.33,single,2,31,599,0.49,1,49715.4,36302.7,4769.59,8.05,3.5,0
38,86954.72,single,1,13,532,0.39,2,6277.87,25654.56,9348.71,9.85,5.07,1
26,157963.62,widowed,5,5,566,0.37,2,59507.48,37510,6029.32,21.81,17.87,0
27,131073.95,widowed,1,5,674,0.39,2,41327.76,19448.09,2934.77,20.63,8.53,0
21,87132.75,single,0,5,486,0.55,2,12620.97,19225.82,6256.05,9.65,4.54,1
53,158188.71,widowed,2,33,452,0.51,2,52927.12,19812.93,8611,10.89,8,1
59,133249.43,married,4,34,422,0.55,3,35884.56,25343.37,9618.18,8.55,4.88,1
59,133249.43,married,4,34,422,0.55,3,35884.56,25343.37,9618.18,8.55,4.88,1
39,165098.07,married,2,14,549,0.54,2,47557.84,4497,8021.39,10.44,5.37,1
53,158188.71,widowed,2,33,452,0.51,2,52927.12,19812.93,8611,10.89,8,1
38,86954.72,single,1,13,532,0.39,2,6277.87,25654.56,9348.71,9.85,5.07,1
39,165098.07,married,2,14,549,0.54,2,47557.84,4497,8021.39,10.44,5.37,1
32,150432.74,married,5,9,705,0.37,1,58014.48,7570.32,3924.09,25.08,18.31,0
18,126644.38,widowed,2,5,621,0.43,2,35453.81,21049.44,2593.55,10.92,6.04,0
52,176770.29,married,5,34,472,0.44,1,57017.37,6929.96,6979.42,21.06,17.24,0
41,144094,widowed,3,22,492,0.52,1,40528.33,37772.55,9531.17,9.56,7.54,1
29,204217.08,single,0,11,538,0.57,2,81182.44,58612.42,8471.58,10.08,8.3,1
39,165098.07,married,2,14,549,0.54,2,47557.84,4497,8021.39,10.44,5.37,1
38,86954.72,single,1,13,532,0.39,2,6277.87,25654.56,9348.71,9.85,5.07,1
38,86954.72,single,1,13,532,0.39,2,6277.87,25654.56,9348.71,9.85,5.07,1
36,60326.26,married,3,17,507,0.51,3,8003.22,56491.44,4448.79,11.98,8.47,1
34,174500.59,widowed,1,15,556,0.42,2,65034.06,20140.45,7412.38,16.41,9.53,0
21,87132.75,single,0,5,486,0.55,2,12620.97,19225.82,6256.05,9.65,4.54,1
30,139424.63,widowed,5,10,565,0.43,3,44423.71,5423.09,6570.56,21.06,18.63,0
36,60326.26,married,3,17,507,0.51,3,8003.22,56491.44,4448.79,11.98,8.47,1
59,133249.43,married,4,34,422,0.55,3,35884.56,25343.37,9618.18,8.55,4.88,1
39,165098.07,married,2,14,549,0.54,2,47557.84,4497,8021.39,10.44,5.37,1
38,86954.72,single,1,13,532,0.39,2,6277.87,25654.56,9348.71,9.85,5.07,1
31,157224.05,married,4,9,539,0.39,2,47892.12,33441.06,2617.72,14.08,8.27,0
59,133249.43,married,4,34,422,0.55,3,35884.56,25343.37,9618.18,8.55,4.88,1
21,87132.75,single,0,5,486,0.55,2,12620.97,19225.82,6256.05,9.65,4.54,1
20,127691.04,married,4,5,445,0.48,2,29811.02,16347.8,5147.07,12.26,5.29,0
59,133249.43,married,4,34,422,0.55,3,35884.56,25343.37,9618.18,8.55,4.88,1
41,144094,widowed,3,22,492,0.52,1,40528.33,37772.55,9531.17,9.56,7.54,1
45,152513.61,married,3,20,621,0.37,2,58953.65,30771.39,4330.85,10.45,8.7,0
21,87132.75,single,0,5,486,0.55,2,12620.97,19225.82,6256.05,9.65,4.54,1
39,162473.08,single,0,15,655,0.45,2,54298.07,4962.88,8972.12,18.12,9.34,0
21,87132.75,single,0,5,486,0.55,2,12620.97,19225.82,6256.05,9.65,4.54,1
39,165098.07,married,2,14,549,0.54,2,47557.84,4497,8021.39,10.44,5.37,1
59,133249.43,married,4,34,422,0.55,3,35884.56,25343.37,9618.18,8.55,4.88,1
36,60326.26,married,3,17,507,0.51,3,8003.22,56491.44,4448.79,11.98,8.47,1
59,133249.43,married,4,34,422,0.55,3,35884.56,25343.37,9618.18,8.55,4.88,1
41,144094,widowed,3,22,492,0.52,1,40528.33,37772.55,9531.17,9.56,7.54,1
41,144094,widowed,3,22,492,0.52,1,40528.33,37772.55,9531.17,9.56,7.54,1
30,196677.85,single,0,9,393,0.57,2,68324.23,46602.1,3895.65,18.84,10.52,0
21,87132.75,single,0,5,486,0.55,2,12620.97,19225.82,6256.05,9.65,4.54,1
53,158188.71,widowed,2,33,452,0.51,2,52927.12,19812.93,8611,10.89,8,1
41,144094,widowed,3,22,492,0.52,1,40528.33,37772.55,9531.17,9.56,7.54,1
36,60326.26,married,3,17,507,0.51,3,8003.22,56491.44,4448.79,11.98,8.47,1
53,158188.71,widowed,2,33,452,0.51,2,52927.12,19812.93,8611,10.89,8,1
28,143895.59,married,4,11,567,0.46,1,48716.85,14288.38,2198.46,27.92,18.99,0
39,162473.08,single,0,15,655,0.45,2,54298.07,4962.88,8972.12,18.12,9.34,0
57,149789.89,widowed,5,34,643,0.5,1,51348.68,43670.33,6066.36,9.13,4.08,0
39,165098.07,married,2,14,549,0.54,2,47557.84,4497,8021.39,10.44,5.37,1
39,165098.07,married,2,14,549,0.54,2,47557.84,4497,8021.39,10.44,5.37,1
38,86954.72,single,1,13,532,0.39,2,6277.87,25654.56,9348.71,9.85,5.07,1
21,87132.75,single,0,5,486,0.55,2,12620.97,19225.82,6256.05,9.65,4.54,1
29,204217.08,single,0,11,538,0.57,2,81182.44,58612.42,8471.58,10.08,8.3,1
50,107475.72,married,4,28,629,0.42,2,26212.97,36279.65,7015.73,24.69,16.24,0
29,204217.08,single,0,11,538,0.57,2,81182.44,58612.42,8471.58,10.08,8.3,1
59,133249.43,married,4,34,422,0.55,3,35884.56,25343.37,9618.18,8.55,4.88,1
61,170461.64,widowed,3,39,566,0.54,3,63890.35,30436.73,6300.18,22.92,16.56,0
41,144094,widowed,3,22,492,0.52,1,40528.33,37772.55,9531.17,9.56,7.54,1
36,60326.26,married,3,17,507,0.51,3,8003.22,56491.44,4448.79,11.98,8.47,1
39,165098.07,married,2,14,549,0.54,2,47557.84,4497,8021.39,10.44,5.37,1
19,162951.25,widowed,2,5,689,0.37,2,54465.26,24711.64,6634.9,13.16,7.82,0
38,86954.72,single,1,13,532,0.39,2,6277.87,25654.56,9348.71,9.85,5.07,1
38,86954.72,single,1,13,532,0.39,2,6277.87,25654.56,9348.71,9.85,5.07,1
29,204217.08,single,0,11,538,0.57,2,81182.44,58612.42,8471.58,10.08,8.3,1
53,158188.71,widowed,2,33,452,0.51,2,52927.12,19812.93,8611,10.89,8,1
39,165098.07,married,2,14,549,0.54,2,47557.84,4497,8021.39,10.44,5.37,1
54,111458.64,single,1,35,446,0.55,1,35428.2,40927.65,4092.5,21.11,10.87,0
43,133853.27,single,0,25,390,0.52,2,39439.02,19867.93,4403.76,15.29,9.55,0
37,132468.21,widowed,3,16,470,0.48,1,36896.6,23498.13,3275.28,28.88,16.48,0
53,158188.71,widowed,2,33,452,0.51,2,52927.12,19812.93,8611,10.89,8,1
38,86954.72,single,1,13,532,0.39,2,6277.87,25654.56,9348.71,9.85,5.07,1
21,87132.75,single,0,5,486,0.55,2,12620.97,19225.82,6256.05,9.65,4.54,1
21,87132.75,single,0,5,486,0.55,2,12620.97,19225.82,6256.05,9.65,4.54,1
59,133249.43,married,4,34,422,0.55,3,35884.56,25343.37,9618.18,8.55,4.88,1
44,99337.45,married,3,23,521,0.5,3,23092.72,38550.51,2031.81,14.93,9.87,0
59,133249.43,married,4,34,422,0.55,3,35884.56,25343.37,9618.18,8.55,4.88,1
46,94281.88,single,1,23,418,0.37,1,28978.01,57392.47,5509.12,29.2,22.17,0
38,86954.72,single,1,13,532,0.39,2,6277.87,25654.56,9348.71,9.85,5.07,1
29,204217.08,single,0,11,538,0.57,2,81182.44,58612.42,8471.58,10.08,8.3,1
58,156400.51,married,4,35,405,0.47,2,53337.08,21544.14,6150.03,14.01,6.52,0
54,199032.3,widowed,3,33,473,0.44,3,63820.56,29887.75,3483.62,15.63,8.74,0
29,204217.08,single,0,11,538,0.57,2,81182.44,58612.42,8471.58,10.08,8.3,1
63,184121.03,single,2,40,473,0.51,2,71237.99,26485.04,6093.78,14.1,8.37,0
53,158188.71,widowed,2,33,452,0.51,2,52927.12,19812.93,8611,10.89,8,1
39,165098.07,married,2,14,549,0.54,2,47557.84,4497,8021.39,10.44,5.37,1
59,133249.43,married,4,34,422,0.55,3,35884.56,25343.37,9618.18,8.55,4.88,1
29,204217.08,single,0,11,538,0.57,2,81182.44,58612.42,8471.58,10.08,8.3,1
64,141029.81,widowed,5,40,544,0.43,2,43996.96,54671.29,6446.51,10.33,5.99,0
53,158188.71,widowed,2,33,452,0.51,2,52927.12,19812.93,8611,10.89,8,1
34,153751.36,married,3,15,569,0.44,2,52388.27,44288.04,4579.16,11.08,8.52,0
39,165098.07,married,2,14,549,0.54,2,47557.84,4497,8021.39,10.44,5.37,1
44,165887.36,widowed,4,20,462,0.49,0,52630.68,39996.01,5119.95,11.23,6.32,0
50,158513.14,widowed,6,26,704,0.48,2,50990.22,20362.86,3820.05,20.22,13.38,0
58,135930.04,married,3,38,590,0.37,1,47377.53,7063.22,4732.08,18.41,15.8,0
21,87132.75,single,0,5,486,0.55,2,12620.97,19225.82,6256.05,9.65,4.54,1
36,60326.26,married,3,17,507,0.51,3,8003.22,56491.44,4448.79,11.98,8.47,1
29,204217.08,single,0,11,538,0.57,2,81182.44,58612.42,8471.58,10.08,8.3,1
50,192548.13,widowed,4,28,502,0.44,2,70262.39,41152.11,4144.79,25.89,13.42,0
41,144094,widowed,3,22,492,0.52,1,40528.33,37772.55,9531.17,9.56,7.54,1
39,165098.07,married,2,14,549,0.54,2,47557.84,4497,8021.39,10.44,5.37,1
45,141823.99,married,3,21,555,0.47,2,46363.34,18802.69,8678.4,17.08,9.98,0
36,60326.26,married,3,17,507,0.51,3,8003.22,56491.44,4448.79,11.98,8.47,1
61,149830.48,single,1,40,448,0.44,2,59288.13,22800.4,1217.48,22.26,15.06,0
29,204217.08,single,0,11,538,0.57,2,81182.44,58612.42,8471.58,10.08,8.3,1
21,87132.75,single,0,5,486,0.55,2,12620.97,19225.82,6256.05,9.65,4.54,1
21,87132.75,single,0,5,486,0.55,2,12620.97,19225.82,6256.05,9.65,4.54,1
39,165098.07,married,2,14,549,0.54,2,47557.84,4497,8021.39,10.44,5.37,1
41,144094,widowed,3,22,492,0.52,1,40528.33,37772.55,9531.17,9.56,7.54,1
28,143895.59,married,4,11,567,0.46,1,48716.85,14288.38,2198.46,27.92,18.99,0
49,124120.36,widowed,3,30,546,0.47,1,37339.67,29681.48,5946.16,13.1,11.32,0
21,87132.75,single,0,5,486,0.55,2,12620.97,19225.82,6256.05,9.65,4.54,1
56,87554.75,married,3,33,689,0.45,2,24079.86,29051.08,5801.49,17.09,9.68,0
39,165098.07,married,2,14,549,0.54,2,47557.84,4497,8021.39,10.44,5.37,1
19,119780.72,married,3,5,563,0.38,1,41119.62,47051.51,1891.68,10.57,9.06,0
39,165098.07,married,2,14,549,0.54,2,47557.84,4497,8021.39,10.44,5.37,1
38,86954.72,single,1,13,532,0.39,2,6277.87,25654.56,9348.71,9.85,5.07,1
59,133249.43,married,4,34,422,0.55,3,35884.56,25343.37,9618.18,8.55,4.88,1
36,60326.26,married,3,17,507,0.51,3,8003.22,56491.44,4448.79,11.98,8.47,1
21,87132.75,single,0,5,486,0.55,2,12620.97,19225.82,6256.05,9.65,4.54,1
29,204217.08,single,0,11,538,0.57,2,81182.44,58612.42,8471.58,10.08,8.3,1
38,86954.72,single,1,13,532,0.39,2,6277.87,25654.56,9348.71,9.85,5.07,1
29,204217.08,single,0,11,538,0.57,2,81182.44,58612.42,8471.58,10.08,8.3,1
60,89370.19,married,5,39,532,0.47,1,24483.3,30462.69,6550.95,15.66,8.9,0
38,86954.72,single,1,13,532,0.39,2,6277.87,25654.56,9348.71,9.85,5.07,1
19,177322.96,single,0,5,571,0.36,2,58517.29,19001.58,7186.45,9.07,6.04,0
59,144462.61,married,3,35,688,0.35,2,40644.53,28497.44,6578.02,25.68,20.26,0
57,143082.74,married,3,32,480,0.56,2,44910.08,17091.41,2193.9,9.94,6.08,0
53,158188.71,widowed,2,33,452,0.51,2,52927.12,19812.93,8611,10.89,8,1
49,98871.5,married,5,28,553,0.5,1,24989.99,48562.32,6143.22,22.47,10.62,0
36,60326.26,married,3,17,507,0.51,3,8003.22,56491.44,4448.79,11.98,8.47,1
29,204217.08,single,0,11,538,0.57,2,81182.44,58612.42,8471.58,10.08,8.3,1
29,204217.08,single,0,11,538,0.57,2,81182.44,58612.42,8471.58,10.08,8.3,1
34,139712.5,widowed,4,11,560,0.4,3,41000.94,29731.76,8379.17,19.61,10.49,0
38,86954.72,single,1,13,532,0.39,2,6277.87,25654.56,9348.71,9.85,5.07,1
47,165837.15,married,3,26,549,0.44,1,61896.17,19218.08,6168.57,24.19,21.75,0
21,87132.75,single,0,5,486,0.55,2,12620.97,19225.82,6256.05,9.65,4.54,1
21,87132.75,single,0,5,486,0.55,2,12620.97,19225.82,6256.05,9.65,4.54,1
36,61442.49,married,4,16,473,0.42,3,10,30069.29,7294.84,15.12,12.23,0
41,144094,widowed,3,22,492,0.52,1,40528.33,37772.55,9531.17,9.56,7.54,1
49,124120.36,widowed,3,30,546,0.47,1,37339.67,29681.48,5946.16,13.1,11.32,0
38,86954.72,single,1,13,532,0.39,2,6277.87,25654.56,9348.71,9.85,5.07,1
19,119780.72,married,3,5,563,0.38,1,41119.62,47051.51,1891.68,10.57,9.06,0
36,60326.26,married,3,17,507,0.51,3,8003.22,56491.44,4448.79,11.98,8.47,1
61,55241.74,married,4,40,468,0.6,2,10,32179.52,5390.35,18.56,14.59,0
55,171326.03,single,0,36,592,0.52,1,58984.77,15096.81,5198.47,24.21,10.26,0
60,129967.97,married,4,40,588,0.45,2,47758.75,14812.46,4132.45,27.27,11.19,0
36,60326.26,married,3,17,507,0.51,3,8003.22,56491.44,4448.79,11.98,8.47,1
19,158865.15,married,5,5,556,0.45,2,51711.99,17385.76,4971.01,21.03,16.68,0
41,144094,widowed,3,22,492,0.52,1,40528.33,37772.55,9531.17,9.56,7.54,1
59,133249.43,married,4,34,422,0.55,3,35884.56,25343.37,9618.18,8.55,4.88,1
29,204217.08,single,0,11,538,0.57,2,81182.44,58612.42,8471.58,10.08,8.3,1
38,86954.72,single,1,13,532,0.39,2,6277.87,25654.56,9348.71,9.85,5.07,1
59,133249.43,married,4,34,422,0.55,3,35884.56,25343.37,9618.18,8.55,4.88,1
48,102248.04,married,3,26,730,0.45,3,23588.99,8571.04,9190.04,16.91,11.7,0
41,144094,widowed,3,22,492,0.52,1,40528.33,37772.55,9531.17,9.56,7.54,1
39,165098.07,married,2,14,549,0.54,2,47557.84,4497,8021.39,10.44,5.37,1
29,204217.08,single,0,11,538,0.57,2,81182.44,58612.42,8471.58,10.08,8.3,1
41,144094,widowed,3,22,492,0.52,1,40528.33,37772.55,9531.17,9.56,7.54,1
49,103599.64,widowed,3,27,745,0.38,1,25213.45,20938.94,8447.05,22.31,9.42,0
20,127691.04,married,4,5,445,0.48,2,29811.02,16347.8,5147.07,12.26,5.29,0
36,60326.26,married,3,17,507,0.51,3,8003.22,56491.44,4448.79,11.98,8.47,1
45,119535.86,single,1,22,489,0.4,2,38874.45,35646.85,7100.29,15.23,7.27,0
29,204217.08,single,0,11,538,0.57,2,81182.44,58612.42,8471.58,10.08,8.3,1
41,144094,widowed,3,22,492,0.52,1,40528.33,37772.55,9531.17,9.56,7.54,1
47,89433.73,married,4,22,629,0.48,2,21499.18,49182.87,8204.18,20.13,13.22,0
29,204217.08,single,0,11,538,0.57,2,81182.44,58612.42,8471.58,10.08,8.3,1
53,158188.71,widowed,2,33,452,0.51,2,52927.12,19812.93,8611,10.89,8,1
53,158188.71,widowed,2,33,452,0.51,2,52927.12,19812.93,8611,10.89,8,1
36,137267.7,married,5,18,468,0.42,2,44514.1,22551.61,6480.38,23.37,10.28,0
65,177017.73,married,4,40,620,0.38,2,57939.98,21999.22,4800.97,29.33,25,0
41,128208.01,widowed,5,24,612,0.38,1,43512.45,28056.04,5422.66,13.09,6.79,0
28,123382.99,widowed,4,5,620,0.4,3,35065.14,4939.31,7017.95,29.27,23.42,0
22,119829.58,single,1,5,449,0.43,2,31374.5,1668.02,6650.48,24.22,21.13,0
41,144094,widowed,3,22,492,0.52,1,40528.33,37772.55,9531.17,9.56,7.54,1
53,158188.71,widowed,2,33,452,0.51,2,52927.12,19812.93,8611,10.89,8,1
38,86954.72,single,1,13,532,0.39,2,6277.87,25654.56,9348.71,9.85,5.07,1
38,86954.72,single,1,13,532,0.39,2,6277.87,25654.56,9348.71,9.85,5.07,1
21,87132.75,single,0,5,486,0.55,2,12620.97,19225.82,6256.05,9.65,4.54,1
39,165098.07,married,2,14,549,0.54,2,47557.84,4497,8021.39,10.44,5.37,1
53,158188.71,widowed,2,33,452,0.51,2,52927.12,19812.93,8611,10.89,8,1
38,86954.72,single,1,13,532,0.39,2,6277.87,25654.56,9348.71,9.85,5.07,1
21,87132.75,single,0,5,486,0.55,2,12620.97,19225.82,6256.05,9.65,4.54,1
31,99745.36,widowed,5,14,547,0.39,2,26236.56,10828.38,5230.4,16.99,12.69,0
21,87132.75,single,0,5,486,0.55,2,12620.97,19225.82,6256.05,9.65,4.54,1
28,104901.52,widowed,3,5,553,0.36,3,30625.88,48173.12,2907.3,19.78,12.37,0
36,60326.26,married,3,17,507,0.51,3,8003.22,56491.44,4448.79,11.98,8.47,1
29,204217.08,single,0,11,538,0.57,2,81182.44,58612.42,8471.58,10.08,8.3,1
34,125167.19,widowed,6,11,583,0.37,2,48280.11,31509.27,4166.35,12.99,11.42,0
53,158188.71,widowed,2,33,452,0.51,2,52927.12,19812.93,8611,10.89,8,1
32,173071.67,widowed,5,14,648,0.4,1,50943.17,8134.67,7320.28,17.42,7.5,0
39,165098.07,married,2,14,549,0.54,2,47557.84,4497,8021.39,10.44,5.37,1
29,204217.08,single,0,11,538,0.57,2,81182.44,58612.42,8471.58,10.08,8.3,1
29,131448.99,married,5,10,617,0.36,2,34351.16,15111.37,4733.15,24.44,14.96,0
50,159560.35,widowed,5,29,613,0.55,1,50044.08,33448.42,8054.68,29.53,17.47,0
38,116525.24,single,2,17,561,0.49,1,29958.1,17216.28,6631.73,12.69,6.79,0
29,204217.08,single,0,11,538,0.57,2,81182.44,58612.42,8471.58,10.08,8.3,1
42,200934.18,single,1,17,592,0.39,2,74155.13,18131.57,2718.99,21.37,12.79,0
41,144094,widowed,3,22,492,0.52,1,40528.33,37772.55,9531.17,9.56,7.54,1
60,129967.97,married,4,40,588,0.45,2,47758.75,14812.46,4132.45,27.27,11.19,0
24,155282.82,widowed,4,6,568,0.54,3,54431.47,15231.75,5733.73,11.27,8.01,0
36,60326.26,married,3,17,507,0.51,3,8003.22,56491.44,4448.79,11.98,8.47,1
35,151292.67,married,3,10,459,0.6,2,41895.73,50883.91,8007.05,27.09,10.88,0
19,137398.3,married,4,5,630,0.42,2,33306.29,10761.92,6483.61,20.77,15.84,0
21,87132.75,single,0,5,486,0.55,2,12620.97,19225.82,6256.05,9.65,4.54,1
59,182895.41,single,2,36,619,0.41,2,66146.36,35197.94,2281.39,26.85,22.61,0
36,60326.26,married,3,17,507,0.51,3,8003.22,56491.44,4448.79,11.98,8.47,1
29,204217.08,single,0,11,538,0.57,2,81182.44,58612.42,8471.58,10.08,8.3,1
38,86954.72,single,1,13,532,0.39,2,6277.87,25654.56,9348.71,9.85,5.07,1
49,166032.46,married,4,26,601,0.37,2,61492.43,25194.15,8551.94,23.26,14.51,0
59,133249.43,married,4,34,422,0.55,3,35884.56,25343.37,9618.18,8.55,4.88,1
41,144094,widowed,3,22,492,0.52,1,40528.33,37772.55,9531.17,9.56,7.54,1
36,192113.5,married,4,19,588,0.47,1,69566.32,62690.18,6685.79,24.52,12.63,0
21,87132.75,single,0,5,486,0.55,2,12620.97,19225.82,6256.05,9.65,4.54,1
21,87132.75,single,0,5,486,0.55,2,12620.97,19225.82,6256.05,9.65,4.54,1
39,165098.07,married,2,14,549,0.54,2,47557.84,4497,8021.39,10.44,5.37,1
29,204217.08,single,0,11,538,0.57,2,81182.44,58612.42,8471.58,10.08,8.3,1
38,86954.72,single,1,13,532,0.39,2,6277.87,25654.56,9348.71,9.85,5.07,1
52,169408.25,widowed,4,34,567,0.41,2,65252.04,51165.2,7287.07,23.92,11.45,0
29,204217.08,single,0,11,538,0.57,2,81182.44,58612.42,8471.58,10.08,8.3,1
41,144094,widowed,3,22,492,0.52,1,40528.33,37772.55,9531.17,9.56,7.54,1
53,158188.71,widowed,2,33,452,0.51,2,52927.12,19812.93,8611,10.89,8,1
38,86954.72,single,1,13,532,0.39,2,6277.87,25654.56,9348.71,9.85,5.07,1
39,165098.07,married,2,14,549,0.54,2,47557.84,4497,8021.39,10.44,5.37,1
62,162712.06,married,2,40,608,0.42,2,52530.97,5368.9,4859.15,17.86,15.04,0
38,86954.72,single,1,13,532,0.39,2,6277.87,25654.56,9348.71,9.85,5.07,1
53,158188.71,widowed,2,33,452,0.51,2,52927.12,19812.93,8611,10.89,8,1
29,204217.08,single,0,11,538,0.57,2,81182.44,58612.42,8471.58,10.08,8.3,1
38,86954.72,single,1,13,532,0.39,2,6277.87,25654.56,9348.71,9.85,5.07,1
53,158188.71,widowed,2,33,452,0.51,2,52927.12,19812.93,8611,10.89,8,1
29,204217.08,single,0,11,538,0.57,2,81182.44,58612.42,8471.58,10.08,8.3,1
36,60326.26,married,3,17,507,0.51,3,8003.22,56491.44,4448.79,11.98,8.47,1
52,191890.44,single,1,34,624,0.36,2,73364.73,9480.35,2431.84,20.15,9.22,0
29,200659.95,married,3,10,596,0.37,3,78314.11,30411.87,5304.63,14.55,6.67,0
58,176512.74,single,1,35,557,0.41,1,61888.83,17257.77,3118.32,8.77,4.54,0
59,133249.43,married,4,34,422,0.55,3,35884.56,25343.37,9618.18,8.55,4.88,1
39,165098.07,married,2,14,549,0.54,2,47557.84,4497,8021.39,10.44,5.37,1
39,165098.07,married,2,14,549,0.54,2,47557.84,4497,8021.39,10.44,5.37,1
37,163468.37,single,2,12,622,0.46,1,54815.6,33771.32,3290.68,28.63,12.27,0
23,137955.75,widowed,3,5,603,0.46,1,44593.94,37753.04,7015.83,10.92,8.08,0
59,133249.43,married,4,34,422,0.55,3,35884.56,25343.37,9618.18,8.55,4.88,1
33,148486.49,married,3,9,545,0.47,2,55550.47,57813.86,7873.69,22.32,15.34,0
53,158188.71,widowed,2,33,452,0.51,2,52927.12,19812.93,8611,10.89,8,1
38,86954.72,single,1,13,532,0.39,2,6277.87,25654.56,9348.71,9.85,5.07,1
38,86954.72,single,1,13,532,0.39,2,6277.87,25654.56,9348.71,9.85,5.07,1
59,133249.43,married,4,34,422,0.55,3,35884.56,25343.37,9618.18,8.55,4.88,1
42,158142.26,widowed,5,18,604,0.49,2,57091.7,32695.29,8709.98,25.28,20.98,0
43,126689.35,married,2,19,613,0.41,2,41402.06,25771.44,6660.95,25.39,13.1,0
59,133249.43,married,4,34,422,0.55,3,35884.56,25343.37,9618.18,8.55,4.88,1
38,86954.72,single,1,13,532,0.39,2,6277.87,25654.56,9348.71,9.85,5.07,1
21,87132.75,single,0,5,486,0.55,2,12620.97,19225.82,6256.05,9.65,4.54,1
59,133249.43,married,4,34,422,0.55,3,35884.56,25343.37,9618.18,8.55,4.88,1
59,133249.43,married,4,34,422,0.55,3,35884.56,25343.37,9618.18,8.55,4.88,1
31,166887.07,single,0,11,540,0.48,2,50148.35,23876.77,5369.5,17.35,11.93,0
21,87132.75,single,0,5,486,0.55,2,12620.97,19225.82,6256.05,9.65,4.54,1
53,158188.71,widowed,2,33,452,0.51,2,52927.12,19812.93,8611,10.89,8,1
39,165098.07,married,2,14,549,0.54,2,47557.84,4497,8021.39,10.44,5.37,1
39,165098.07,married,2,14,549,0.54,2,47557.84,4497,8021.39,10.44,5.37,1
21,87132.75,single,0,5,486,0.55,2,12620.97,19225.82,6256.05,9.65,4.54,1
38,86954.72,single,1,13,532,0.39,2,6277.87,25654.56,9348.71,9.85,5.07,1
31,100264.73,married,3,8,566,0.36,2,26952.41,45799.27,5015.27,18.81,16.12,0
41,144094,widowed,3,22,492,0.52,1,40528.33,37772.55,9531.17,9.56,7.54,1
23,119941.91,married,3,5,467,0.43,1,37851.99,19718.29,9592.08,24.2,20.43,0
59,133249.43,married,4,34,422,0.55,3,35884.56,25343.37,9618.18,8.55,4.88,1
29,204217.08,single,0,11,538,0.57,2,81182.44,58612.42,8471.58,10.08,8.3,1
53,158188.71,widowed,2,33,452,0.51,2,52927.12,19812.93,8611,10.89,8,1
64,128976.02,widowed,5,40,616,0.38,1,38302.84,11118.48,6793.71,14.7,11.61,0
41,144094,widowed,3,22,492,0.52,1,40528.33,37772.55,9531.17,9.56,7.54,1
21,87132.75,single,0,5,486,0.55,2,12620.97,19225.82,6256.05,9.65,4.54,1
21,87132.75,single,0,5,486,0.55,2,12620.97,19225.82,6256.05,9.65,4.54,1
22,122804.42,widowed,3,5,575,0.49,2,36911.68,22926.23,7645.03,23.02,19.61,0
65,177017.73,married,4,40,620,0.38,2,57939.98,21999.22,4800.97,29.33,25,0
58,191971.69,widowed,5,40,490,0.46,2,71139.92,40612.1,6864.33,10.79,8.89,0
36,60326.26,married,3,17,507,0.51,3,8003.22,56491.44,4448.79,11.98,8.47,1
38,86954.72,single,1,13,532,0.39,2,6277.87,25654.56,9348.71,9.85,5.07,1
29,204217.08,single,0,11,538,0.57,2,81182.44,58612.42,8471.58,10.08,8.3,1
36,60326.26,married,3,17,507,0.51,3,8003.22,56491.44,4448.79,11.98,8.47,1
55,114417.57,widowed,4,31,615,0.38,2,31407.12,38955.19,5012.85,20.85,15.38,0
29,204217.08,single,0,11,538,0.57,2,81182.44,58612.42,8471.58,10.08,8.3,1
36,60326.26,married,3,17,507,0.51,3,8003.22,56491.44,4448.79,11.98,8.47,1
39,165098.07,married,2,14,549,0.54,2,47557.84,4497,8021.39,10.44,5.37,1
39,165098.07,married,2,14,549,0.54,2,47557.84,4497,8021.39,10.44,5.37,1
29,204217.08,single,0,11,538,0.57,2,81182.44,58612.42,8471.58,10.08,8.3,1
36,60326.26,married,3,17,507,0.51,3,8003.22,56491.44,4448.79,11.98,8.47,1
21,87132.75,single,0,5,486,0.55,2,12620.97,19225.82,6256.05,9.65,4.54,1
46,111731.23,married,4,23,514,0.35,2,24176.18,43996.88,2201.08,11.78,10.24,0
36,169360.21,widowed,5,11,503,0.39,1,52938.28,46482.61,6498,21.19,18.87,0
21,87132.75,single,0,5,486,0.55,2,12620.97,19225.82,6256.05,9.65,4.54,1
36,60326.26,married,3,17,507,0.51,3,8003.22,56491.44,4448.79,11.98,8.47,1
30,106987.86,single,2,8,625,0.5,2,32910.17,15545.99,6492.56,19.01,10.43,0
59,133249.43,married,4,34,422,0.55,3,35884.56,25343.37,9618.18,8.55,4.88,1
38,86954.72,single,1,13,532,0.39,2,6277.87,25654.56,9348.71,9.85,5.07,1
29,204217.08,single,0,11,538,0.57,2,81182.44,58612.42,8471.58,10.08,8.3,1
29,204217.08,single,0,11,538,0.57,2,81182.44,58612.42,8471.58,10.08,8.3,1
47,130912.12,widowed,4,25,662,0.4,2,38398.29,54024.11,9307.41,10.28,5.41,0
53,158188.71,widowed,2,33,452,0.51,2,52927.12,19812.93,8611,10.89,8,1
21,87132.75,single,0,5,486,0.55,2,12620.97,19225.82,6256.05,9.65,4.54,1
29,204217.08,single,0,11,538,0.57,2,81182.44,58612.42,8471.58,10.08,8.3,1
29,204217.08,single,0,11,538,0.57,2,81182.44,58612.42,8471.58,10.08,8.3,1
54,124857.65,widowed,7,29,729,0.42,2,40407.41,25320.47,4128.31,22.02,11.68,0
36,60326.26,married,3,17,507,0.51,3,8003.22,56491.44,4448.79,11.98,8.47,1
38,86954.72,single,1,13,532,0.39,2,6277.87,25654.56,9348.71,9.85,5.07,1
29,204217.08,single,0,11,538,0.57,2,81182.44,58612.42,8471.58,10.08,8.3,1
41,144094,widowed,3,22,492,0.52,1,40528.33,37772.55,9531.17,9.56,7.54,1
53,158188.71,widowed,2,33,452,0.51,2,52927.12,19812.93,8611,10.89,8,1
32,131869.27,widowed,4,12,546,0.47,1,43919.7,49066.5,5610.77,18.67,16.43,0
59,133249.43,married,4,34,422,0.55,3,35884.56,25343.37,9618.18,8.55,4.88,1
41,144094,widowed,3,22,492,0.52,1,40528.33,37772.55,9531.17,9.56,7.54,1
21,87132.75,single,0,5,486,0.55,2,12620.97,19225.82,6256.05,9.65,4.54,1
58,132567.76,married,4,40,649,0.45,1,36277.04,35814.11,4044.01,20.83,14.39,0
36,60326.26,married,3,17,507,0.51,3,8003.22,56491.44,4448.79,11.98,8.47,1
40,123470.02,widowed,3,21,437,0.41,2,35927.17,38418.1,4091.68,16.13,12.24,0
53,158188.71,widowed,2,33,452,0.51,2,52927.12,19812.93,8611,10.89,8,1
60,82336.28,married,3,40,422,0.41,2,27870.64,35822.44,6932.14,20.31,15.5,0
53,158188.71,widowed,2,33,452,0.51,2,52927.12,19812.93,8611,10.89,8,1
53,158188.71,widowed,2,33,452,0.51,2,52927.12,19812.93,8611,10.89,8,1
41,144094,widowed,3,22,492,0.52,1,40528.33,37772.55,9531.17,9.56,7.54,1
59,156651.85,single,1,37,664,0.37,2,52538.41,25219.61,6912.99,20.42,15.79,0
38,86954.72,single,1,13,532,0.39,2,6277.87,25654.56,9348.71,9.85,5.07,1
55,171326.03,single,0,36,592,0.52,1,58984.77,15096.81,5198.47,24.21,10.26,0
29,204217.08,single,0,11,538,0.57,2,81182.44,58612.42,8471.58,10.08,8.3,1
59,133249.43,married,4,34,422,0.55,3,35884.56,25343.37,9618.18,8.55,4.88,1
59,133249.43,married,4,34,422,0.55,3,35884.56,25343.37,9618.18,8.55,4.88,1
41,144094,widowed,3,22,492,0.52,1,40528.33,37772.55,9531.17,9.56,7.54,1
59,133249.43,married,4,34,422,0.55,3,35884.56,25343.37,9618.18,8.55,4.88,1
41,144094,widowed,3,22,492,0.52,1,40528.33,37772.55,9531.17,9.56,7.54,1
39,165098.07,married,2,14,549,0.54,2,47557.84,4497,8021.39,10.44,5.37,1
36,60326.26,married,3,17,507,0.51,3,8003.22,56491.44,4448.79,11.98,8.47,1
65,173285.05,widowed,5,40,664,0.31,2,70619.81,29002.87,6853.7,16.83,6.79,0
59,133249.43,married,4,34,422,0.55,3,35884.56,25343.37,9618.18,8.55,4.88,1
65,173285.05,widowed,5,40,664,0.31,2,70619.81,29002.87,6853.7,16.83,6.79,0
53,158188.71,widowed,2,33,452,0.51,2,52927.12,19812.93,8611,10.89,8,1
29,204217.08,single,0,11,538,0.57,2,81182.44,58612.42,8471.58,10.08,8.3,1
29,106896.95,married,2,5,542,0.47,3,30889.18,31310.88,4875.96,13.26,11.3,0
21,87132.75,single,0,5,486,0.55,2,12620.97,19225.82,6256.05,9.65,4.54,1
41,144094,widowed,3,22,492,0.52,1,40528.33,37772.55,9531.17,9.56,7.54,1
36,60326.26,married,3,17,507,0.51,3,8003.22,56491.44,4448.79,11.98,8.47,1
29,204217.08,single,0,11,538,0.57,2,81182.44,58612.42,8471.58,10.08,8.3,1
59,133249.43,married,4,34,422,0.55,3,35884.56,25343.37,9618.18,8.55,4.88,1
41,144094,widowed,3,22,492,0.52,1,40528.33,37772.55,9531.17,9.56,7.54,1
59,133249.43,married,4,34,422,0.55,3,35884.56,25343.37,9618.18,8.55,4.88,1
41,144094,widowed,3,22,492,0.52,1,40528.33,37772.55,9531.17,9.56,7.54,1
21,87132.75,single,0,5,486,0.55,2,12620.97,19225.82,6256.05,9.65,4.54,1
36,60326.26,married,3,17,507,0.51,3,8003.22,56491.44,4448.79,11.98,8.47,1
21,87132.75,single,0,5,486,0.55,2,12620.97,19225.82,6256.05,9.65,4.54,1
39,165098.07,married,2,14,549,0.54,2,47557.84,4497,8021.39,10.44,5.37,1
59,133249.43,married,4,34,422,0.55,3,35884.56,25343.37,9618.18,8.55,4.88,1
50,192548.13,widowed,4,28,502,0.44,2,70262.39,41152.11,4144.79,25.89,13.42,0
53,158188.71,widowed,2,33,452,0.51,2,52927.12,19812.93,8611,10.89,8,1
29,204217.08,single,0,11,538,0.57,2,81182.44,58612.42,8471.58,10.08,8.3,1
26,220521.42,married,3,5,571,0.43,1,76327.35,69396.88,2959.17,10.57,9.26,0
21,87132.75,single,0,5,486,0.55,2,12620.97,19225.82,6256.05,9.65,4.54,1
20,217572.18,single,0,5,623,0.47,2,84133.56,66793.11,3649.19,26.66,14.09,0
59,133249.43,married,4,34,422,0.55,3,35884.56,25343.37,9618.18,8.55,4.88,1
38,86954.72,single,1,13,532,0.39,2,6277.87,25654.56,9348.71,9.85,5.07,1
36,60326.26,married,3,17,507,0.51,3,8003.22,56491.44,4448.79,11.98,8.47,1
27,144659.65,married,5,5,539,0.47,2,48672.05,26891.59,7504.65,17.09,13.82,0
29,204217.08,single,0,11,538,0.57,2,81182.44,58612.42,8471.58,10.08,8.3,1
39,165098.07,married,2,14,549,0.54,2,47557.84,4497,8021.39,10.44,5.37,1
18,206276.3,single,1,5,602,0.39,3,62144.01,5089.99,3761.74,17.33,10.88,0
29,104672.12,widowed,4,9,558,0.43,2,33573.62,44027.83,3587,14.95,9.92,0
41,144094,widowed,3,22,492,0.52,1,40528.33,37772.55,9531.17,9.56,7.54,1
53,158188.71,widowed,2,33,452,0.51,2,52927.12,19812.93,8611,10.89,8,1
54,186493.69,single,0,37,432,0.48,2,64939.08,6938.77,5296.29,25.55,14.06,0
38,86954.72,single,1,13,532,0.39,2,6277.87,25654.56,9348.71,9.85,5.07,1
41,144094,widowed,3,22,492,0.52,1,40528.33,37772.55,9531.17,9.56,7.54,1
26,74240.02,widowed,4,5,483,0.38,2,17434.46,19215.94,5153.57,14.91,9.05,0
53,158188.71,widowed,2,33,452,0.51,2,52927.12,19812.93,8611,10.89,8,1
29,204217.08,single,0,11,538,0.57,2,81182.44,58612.42,8471.58,10.08,8.3,1
44,140852.35,married,4,23,498,0.52,2,50758.71,35458.46,5761.36,16.04,14.15,0
51,123187.62,widowed,4,26,659,0.32,2,32509.76,25382.22,4174.25,10.59,7.55,0
36,60326.26,married,3,17,507,0.51,3,8003.22,56491.44,4448.79,11.98,8.47,1
53,158188.71,widowed,2,33,452,0.51,2,52927.12,19812.93,8611,10.89,8,1
60,149290.99,single,1,37,425,0.42,2,55865.28,22247.53,6840.67,8.19,4.9,0
21,87132.75,single,0,5,486,0.55,2,12620.97,19225.82,6256.05,9.65,4.54,1
38,86954.72,single,1,13,532,0.39,2,6277.87,25654.56,9348.71,9.85,5.07,1
59,133249.43,married,4,34,422,0.55,3,35884.56,25343.37,9618.18,8.55,4.88,1
38,86954.72,single,1,13,532,0.39,2,6277.87,25654.56,9348.71,9.85,5.07,1
29,204217.08,single,0,11,538,0.57,2,81182.44,58612.42,8471.58,10.08,8.3,1
53,167005.1,married,3,29,483,0.48,2,63486.86,22287.47,6793.91,11.6,10.26,0
49,176529.25,widowed,5,30,598,0.31,1,66895.76,39719.55,2833.44,23.81,10.18,0
38,86954.72,single,1,13,532,0.39,2,6277.87,25654.56,9348.71,9.85,5.07,1
29,204217.08,single,0,11,538,0.57,2,81182.44,58612.42,8471.58,10.08,8.3,1
39,165098.07,married,2,14,549,0.54,2,47557.84,4497,8021.39,10.44,5.37,1
59,133249.43,married,4,34,422,0.55,3,35884.56,25343.37,9618.18,8.55,4.88,1
53,158188.71,widowed,2,33,452,0.51,2,52927.12,19812.93,8611,10.89,8,1
56,114949.21,widowed,5,32,607,0.44,2,37485.37,36784.79,2814.31,13.35,5.36,0
37,163468.37,single,2,12,622,0.46,1,54815.6,33771.32,3290.68,28.63,12.27,0
38,86954.72,single,1,13,532,0.39,2,6277.87,25654.56,9348.71,9.85,5.07,1
21,87132.75,single,0,5,486,0.55,2,12620.97,19225.82,6256.05,9.65,4.54,1
41,144094,widowed,3,22,492,0.52,1,40528.33,37772.55,9531.17,9.56,7.54,1
59,133249.43,married,4,34,422,0.55,3,35884.56,25343.37,9618.18,8.55,4.88,1
39,98691.65,single,0,18,510,0.35,2,29193.54,29704.38,9144.32,9.24,7.51,0
54,149270.31,single,2,37,594,0.41,2,48499.1,18296.66,6899.75,11.64,9.32,0
41,144094,widowed,3,22,492,0.52,1,40528.33,37772.55,9531.17,9.56,7.54,1
45,93561.91,widowed,5,28,650,0.37,1,31934.23,38949.39,8099.34,15.63,13.34,0
46,168983.93,married,5,22,529,0.39,1,68210.35,10212.73,7453.5,11.1,7.91,0
31,129589.98,widowed,5,9,614,0.48,2,47185.57,57159.19,3156.75,12.77,5.19,0
25,110294.21,single,1,6,478,0.4,2,39617.36,7836.45,4934.51,20.75,11.85,0
59,133249.43,married,4,34,422,0.55,3,35884.56,25343.37,9618.18,8.55,4.88,1
21,87132.75,single,0,5,486,0.55,2,12620.97,19225.82,6256.05,9.65,4.54,1
59,133249.43,married,4,34,422,0.55,3,35884.56,25343.37,9618.18,8.55,4.88,1
48,100994.73,widowed,3,29,556,0.44,2,29875.28,30386.75,3223.81,10.92,7.27,0
21,87132.75,single,0,5,486,0.55,2,12620.97,19225.82,6256.05,9.65,4.54,1
53,158188.71,widowed,2,33,452,0.51,2,52927.12,19812.93,8611,10.89,8,1
59,133249.43,married,4,34,422,0.55,3,35884.56,25343.37,9618.18,8.55,4.88,1
39,165098.07,married,2,14,549,0.54,2,47557.84,4497,8021.39,10.44,5.37,1
59,133249.43,married,4,34,422,0.55,3,35884.56,25343.37,9618.18,8.55,4.88,1
53,158188.71,widowed,2,33,452,0.51,2,52927.12,19812.93,8611,10.89,8,1
39,165098.07,married,2,14,549,0.54,2,47557.84,4497,8021.39,10.44,5.37,1
59,133249.43,married,4,34,422,0.55,3,35884.56,25343.37,9618.18,8.55,4.88,1
41,144094,widowed,3,22,492,0.52,1,40528.33,37772.55,9531.17,9.56,7.54,1
38,86954.72,single,1,13,532,0.39,2,6277.87,25654.56,9348.71,9.85,5.07,1
59,133249.43,married,4,34,422,0.55,3,35884.56,25343.37,9618.18,8.55,4.88,1
21,87132.75,single,0,5,486,0.55,2,12620.97,19225.82,6256.05,9.65,4.54,1
29,204217.08,single,0,11,538,0.57,2,81182.44,58612.42,8471.58,10.08,8.3,1
41,144094,widowed,3,22,492,0.52,1,40528.33,37772.55,9531.17,9.56,7.54,1
21,87132.75,single,0,5,486,0.55,2,12620.97,19225.82,6256.05,9.65,4.54,1
41,144094,widowed,3,22,492,0.52,1,40528.33,37772.55,9531.17,9.56,7.54,1
52,147095.22,single,0,28,491,0.41,2,46968.22,17747.83,7890.57,17.96,14.21,0
41,144094,widowed,3,22,492,0.52,1,40528.33,37772.55,9531.17,9.56,7.54,1
38,86954.72,single,1,13,532,0.39,2,6277.87,25654.56,9348.71,9.85,5.07,1
29,204217.08,single,0,11,538,0.57,2,81182.44,58612.42,8471.58,10.08,8.3,1
17,184963.1,single,2,5,609,0.36,2,69736.86,16609.68,7726.45,14.6,9.93,0
53,167005.1,married,3,29,483,0.48,2,63486.86,22287.47,6793.91,11.6,10.26,0
59,133249.43,married,4,34,422,0.55,3,35884.56,25343.37,9618.18,8.55,4.88,1
38,86954.72,single,1,13,532,0.39,2,6277.87,25654.56,9348.71,9.85,5.07,1
29,204217.08,single,0,11,538,0.57,2,81182.44,58612.42,8471.58,10.08,8.3,1
41,144094,widowed,3,22,492,0.52,1,40528.33,37772.55,9531.17,9.56,7.54,1
36,170037.07,widowed,5,16,614,0.46,2,56405.35,26696.68,8047.92,20.79,10.13,0
38,179286.23,widowed,5,17,631,0.5,2,71882.32,56642.38,3683.77,26.62,22.93,0
53,158188.71,widowed,2,33,452,0.51,2,52927.12,19812.93,8611,10.89,8,1
49,103599.64,widowed,3,27,745,0.38,1,25213.45,20938.94,8447.05,22.31,9.42,0
59,133249.43,married,4,34,422,0.55,3,35884.56,25343.37,9618.18,8.55,4.88,1
38,86954.72,single,1,13,532,0.39,2,6277.87,25654.56,9348.71,9.85,5.07,1
29,204217.08,single,0,11,538,0.57,2,81182.44,58612.42,8471.58,10.08,8.3,1
39,165098.07,married,2,14,549,0.54,2,47557.84,4497,8021.39,10.44,5.37,1
36,61442.49,married,4,16,473,0.42,3,10,30069.29,7294.84,15.12,12.23,0
47,130912.12,widowed,4,25,662,0.4,2,38398.29,54024.11,9307.41,10.28,5.41,0
38,86954.72,single,1,13,532,0.39,2,6277.87,25654.56,9348.71,9.85,5.07,1
21,87132.75,single,0,5,486,0.55,2,12620.97,19225.82,6256.05,9.65,4.54,1
36,60326.26,married,3,17,507,0.51,3,8003.22,56491.44,4448.79,11.98,8.47,1
21,87132.75,single,0,5,486,0.55,2,12620.97,19225.82,6256.05,9.65,4.54,1
38,86954.72,single,1,13,532,0.39,2,6277.87,25654.56,9348.71,9.85,5.07,1
42,177806.82,married,4,17,469,0.45,3,57575.23,33339.8,5974.34,12.54,10.39,0
41,144094,widowed,3,22,492,0.52,1,40528.33,37772.55,9531.17,9.56,7.54,1
39,165098.07,married,2,14,549,0.54,2,47557.84,4497,8021.39,10.44,5.37,1
53,158188.71,widowed,2,33,452,0.51,2,52927.12,19812.93,8611,10.89,8,1
39,165098.07,married,2,14,549,0.54,2,47557.84,4497,8021.39,10.44,5.37,1
53,158188.71,widowed,2,33,452,0.51,2,52927.12,19812.93,8611,10.89,8,1
59,133249.43,married,4,34,422,0.55,3,35884.56,25343.37,9618.18,8.55,4.88,1
21,87132.75,single,0,5,486,0.55,2,12620.97,19225.82,6256.05,9.65,4.54,1
39,165098.07,married,2,14,549,0.54,2,47557.84,4497,8021.39,10.44,5.37,1
52,200083.23,single,2,31,634,0.38,3,76308.57,2368.47,2468.37,16.34,13.74,0
39,165098.07,married,2,14,549,0.54,2,47557.84,4497,8021.39,10.44,5.37,1
36,60326.26,married,3,17,507,0.51,3,8003.22,56491.44,4448.79,11.98,8.47,1
49,164990.93,married,4,29,550,0.38,1,55336.24,27912.77,7663.44,22.65,10.39,0
48,134367.08,married,3,24,604,0.41,1,42397.27,36258.31,5038.19,25.56,15.19,0
45,197109.41,widowed,3,28,439,0.52,1,72008.09,13961.18,5020.01,8.34,7.01,0
41,144094,widowed,3,22,492,0.52,1,40528.33,37772.55,9531.17,9.56,7.54,1
38,86954.72,single,1,13,532,0.39,2,6277.87,25654.56,9348.71,9.85,5.07,1
39,165098.07,married,2,14,549,0.54,2,47557.84,4497,8021.39,10.44,5.37,1
21,87132.75,single,0,5,486,0.55,2,12620.97,19225.82,6256.05,9.65,4.54,1
53,158188.71,widowed,2,33,452,0.51,2,52927.12,19812.93,8611,10.89,8,1
59,133249.43,married,4,34,422,0.55,3,35884.56,25343.37,9618.18,8.55,4.88,1
29,204217.08,single,0,11,538,0.57,2,81182.44,58612.42,8471.58,10.08,8.3,1
59,133249.43,married,4,34,422,0.55,3,35884.56,25343.37,9618.18,8.55,4.88,1
39,165098.07,married,2,14,549,0.54,2,47557.84,4497,8021.39,10.44,5.37,1
59,133249.43,married,4,34,422,0.55,3,35884.56,25343.37,9618.18,8.55,4.88,1
53,158188.71,widowed,2,33,452,0.51,2,52927.12,19812.93,8611,10.89,8,1
38,86954.72,single,1,13,532,0.39,2,6277.87,25654.56,9348.71,9.85,5.07,1
17,161342.69,widowed,5,5,589,0.45,1,53117.31,28574.31,4229.06,19.62,11.91,0
53,158188.71,widowed,2,33,452,0.51,2,52927.12,19812.93,8611,10.89,8,1
63,50000,single,2,40,539,0.55,2,10,38321.2,2435.12,18.01,11.99,0
53,158188.71,widowed,2,33,452,0.51,2,52927.12,19812.93,8611,10.89,8,1
29,204217.08,single,0,11,538,0.57,2,81182.44,58612.42,8471.58,10.08,8.3,1
29,204217.08,single,0,11,538,0.57,2,81182.44,58612.42,8471.58,10.08,8.3,1
38,86954.72,single,1,13,532,0.39,2,6277.87,25654.56,9348.71,9.85,5.07,1
36,60326.26,married,3,17,507,0.51,3,8003.22,56491.44,4448.79,11.98,8.47,1
22,135551.18,married,6,5,688,0.25,2,46934.06,34725.34,5999.06,8.28,6.95,0
30,188015.3,widowed,5,5,706,0.29,2,62013.88,19372.41,5865.63,8.57,6.76,0
59,152253.17,single,1,40,402,0.49,2,52723.98,25402.09,4575.36,23.57,21.09,0
41,144094,widowed,3,22,492,0.52,1,40528.33,37772.55,9531.17,9.56,7.54,1
38,86954.72,single,1,13,532,0.39,2,6277.87,25654.56,9348.71,9.85,5.07,1
52,176770.29,married,5,34,472,0.44,1,57017.37,6929.96,6979.42,21.06,17.24,0
25,124287.99,single,1,5,412,0.51,2,42987.23,32813.75,5922.19,25.4,19.98,0
38,118595.11,married,3,20,577,0.33,2,40640.04,18148.92,2427.21,9.45,7.69,0
28,190736.85,single,2,9,775,0.32,2,70377.19,27207.3,3143.54,24.52,12.58,0
36,60326.26,married,3,17,507,0.51,3,8003.22,56491.44,4448.79,11.98,8.47,1
54,119537.54,single,2,37,468,0.44,2,35532.46,23474.06,6766.11,23.19,20.59,0
65,126507.57,widowed,4,40,567,0.44,1,39284.91,16145.02,6373.92,20.23,16.82,0
21,87132.75,single,0,5,486,0.55,2,12620.97,19225.82,6256.05,9.65,4.54,1
36,60326.26,married,3,17,507,0.51,3,8003.22,56491.44,4448.79,11.98,8.47,1
59,133249.43,married,4,34,422,0.55,3,35884.56,25343.37,9618.18,8.55,4.88,1
36,60326.26,married,3,17,507,0.51,3,8003.22,56491.44,4448.79,11.98,8.47,1
21,87132.75,single,0,5,486,0.55,2,12620.97,19225.82,6256.05,9.65,4.54,1
21,203088.56,widowed,6,5,762,0.5,1,70402.99,31725.21,4922.07,20.84,10.44,0
21,87132.75,single,0,5,486,0.55,2,12620.97,19225.82,6256.05,9.65,4.54,1
41,144094,widowed,3,22,492,0.52,1,40528.33,37772.55,9531.17,9.56,7.54,1
27,115786.14,single,2,8,552,0.45,1,31248.94,23129.47,7229.22,19.88,15.81,0
39,165098.07,married,2,14,549,0.54,2,47557.84,4497,8021.39,10.44,5.37,1
39,165098.07,married,2,14,549,0.54,2,47557.84,4497,8021.39,10.44,5.37,1
60,149149.22,married,4,38,532,0.51,0,58315.84,40641.97,4759.17,29.73,15.08,0
31,100264.73,married,3,8,566,0.36,2,26952.41,45799.27,5015.27,18.81,16.12,0
41,144094,widowed,3,22,492,0.52,1,40528.33,37772.55,9531.17,9.56,7.54,1
21,87132.75,single,0,5,486,0.55,2,12620.97,19225.82,6256.05,9.65,4.54,1
38,86954.72,single,1,13,532,0.39,2,6277.87,25654.56,9348.71,9.85,5.07,1
48,112712.56,widowed,3,29,519,0.41,2,29562.15,32750.24,9312.12,29.46,20.55,0
29,204217.08,single,0,11,538,0.57,2,81182.44,58612.42,8471.58,10.08,8.3,1
29,204217.08,single,0,11,538,0.57,2,81182.44,58612.42,8471.58,10.08,8.3,1
21,87132.75,single,0,5,486,0.55,2,12620.97,19225.82,6256.05,9.65,4.54,1
59,133249.43,married,4,34,422,0.55,3,35884.56,25343.37,9618.18,8.55,4.88,1
38,86954.72,single,1,13,532,0.39,2,6277.87,25654.56,9348.71,9.85,5.07,1
53,158188.71,widowed,2,33,452,0.51,2,52927.12,19812.93,8611,10.89,8,1
39,165098.07,married,2,14,549,0.54,2,47557.84,4497,8021.39,10.44,5.37,1
62,147145.21,single,1,40,523,0.41,3,53532.98,30789.94,5036.42,26.94,20.22,0
38,86954.72,single,1,13,532,0.39,2,6277.87,25654.56,9348.71,9.85,5.07,1
41,144094,widowed,3,22,492,0.52,1,40528.33,37772.55,9531.17,9.56,7.54,1
39,165098.07,married,2,14,549,0.54,2,47557.84,4497,8021.39,10.44,5.37,1
34,135145.28,married,3,13,597,0.37,1,48481.6,11374.63,3069.38,19.58,8.08,0
41,144094,widowed,3,22,492,0.52,1,40528.33,37772.55,9531.17,9.56,7.54,1
53,158188.71,widowed,2,33,452,0.51,2,52927.12,19812.93,8611,10.89,8,1
59,133249.43,married,4,34,422,0.55,3,35884.56,25343.37,9618.18,8.55,4.88,1
21,87132.75,single,0,5,486,0.55,2,12620.97,19225.82,6256.05,9.65,4.54,1
38,86954.72,single,1,13,532,0.39,2,6277.87,25654.56,9348.71,9.85,5.07,1
21,87132.75,single,0,5,486,0.55,2,12620.97,19225.82,6256.05,9.65,4.54,1
29,114162.32,married,5,12,615,0.44,2,42270.86,8891.82,7501.59,29.74,25.75,0
53,158188.71,widowed,2,33,452,0.51,2,52927.12,19812.93,8611,10.89,8,1
62,143695.82,widowed,3,40,473,0.52,2,51100.13,41055.83,7452.77,24.48,13.32,0
59,133249.43,married,4,34,422,0.55,3,35884.56,25343.37,9618.18,8.55,4.88,1
39,165098.07,married,2,14,549,0.54,2,47557.84,4497,8021.39,10.44,5.37,1
29,204217.08,single,0,11,538,0.57,2,81182.44,58612.42,8471.58,10.08,8.3,1
38,86954.72,single,1,13,532,0.39,2,6277.87,25654.56,9348.71,9.85,5.07,1
35,143562.08,married,4,12,540,0.44,2,46730.85,30637.45,2811.46,29.05,23.54,0
29,204217.08,single,0,11,538,0.57,2,81182.44,58612.42,8471.58,10.08,8.3,1
60,135961.94,married,4,40,571,0.48,1,50791.79,54754.39,2989.54,19.03,13.46,0
51,126211.14,widowed,3,29,450,0.44,2,40709.95,38470.96,5855.99,14.49,6.79,0
53,158188.71,widowed,2,33,452,0.51,2,52927.12,19812.93,8611,10.89,8,1
53,158188.71,widowed,2,33,452,0.51,2,52927.12,19812.93,8611,10.89,8,1
59,133249.43,married,4,34,422,0.55,3,35884.56,25343.37,9618.18,8.55,4.88,1
53,158188.71,widowed,2,33,452,0.51,2,52927.12,19812.93,8611,10.89,8,1
39,165098.07,married,2,14,549,0.54,2,47557.84,4497,8021.39,10.44,5.37,1
45,132668.88,married,3,24,524,0.53,2,48407.17,8520.06,5213.25,11.13,8.2,0
40,139057.07,widowed,5,15,530,0.59,2,36475.59,11761.09,8735.7,27.61,23.2,0
25,151848.1,single,2,5,499,0.38,3,41011.08,47738.11,7233.62,26.24,23.25,0
29,204217.08,single,0,11,538,0.57,2,81182.44,58612.42,8471.58,10.08,8.3,1
59,133249.43,married,4,34,422,0.55,3,35884.56,25343.37,9618.18,8.55,4.88,1
65,196448.98,single,1,40,456,0.42,1,71901.05,34018.67,6740.66,22.42,11.72,0
39,165098.07,married,2,14,549,0.54,2,47557.84,4497,8021.39,10.44,5.37,1
38,86954.72,single,1,13,532,0.39,2,6277.87,25654.56,9348.71,9.85,5.07,1
39,180993.92,widowed,3,22,611,0.57,1,71535.54,36622.61,5925.02,12.34,6.39,0
59,133249.43,married,4,34,422,0.55,3,35884.56,25343.37,9618.18,8.55,4.88,1
36,60326.26,married,3,17,507,0.51,3,8003.22,56491.44,4448.79,11.98,8.47,1
46,182663.67,married,4,28,661,0.4,3,62931.59,16647.71,5051.05,18.93,7.77,0
53,158188.71,widowed,2,33,452,0.51,2,52927.12,19812.93,8611,10.89,8,1
59,133249.43,married,4,34,422,0.55,3,35884.56,25343.37,9618.18,8.55,4.88,1
44,165887.36,widowed,4,20,462,0.49,0,52630.68,39996.01,5119.95,11.23,6.32,0
38,86954.72,single,1,13,532,0.39,2,6277.87,25654.56,9348.71,9.85,5.07,1
36,60326.26,married,3,17,507,0.51,3,8003.22,56491.44,4448.79,11.98,8.47,1
29,204217.08,single,0,11,538,0.57,2,81182.44,58612.42,8471.58,10.08,8.3,1
39,165098.07,married,2,14,549,0.54,2,47557.84,4497,8021.39,10.44,5.37,1
59,133249.43,married,4,34,422,0.55,3,35884.56,25343.37,9618.18,8.55,4.88,1
41,144094,widowed,3,22,492,0.52,1,40528.33,37772.55,9531.17,9.56,7.54,1
29,135187.62,married,3,8,471,0.5,1,36431.08,26473.01,6943.4,20.9,15.7,0
21,118989.67,single,2,5,537,0.5,2,36393.16,10861.72,5907.81,12.33,10.19,0
17,149830.2,married,2,5,621,0.42,1,38890.43,24518.14,5629,20.87,9.44,0
59,133249.43,married,4,34,422,0.55,3,35884.56,25343.37,9618.18,8.55,4.88,1
53,158188.71,widowed,2,33,452,0.51,2,52927.12,19812.93,8611,10.89,8,1
38,86954.72,single,1,13,532,0.39,2,6277.87,25654.56,9348.71,9.85,5.07,1
29,204217.08,single,0,11,538,0.57,2,81182.44,58612.42,8471.58,10.08,8.3,1
21,87132.75,single,0,5,486,0.55,2,12620.97,19225.82,6256.05,9.65,4.54,1
21,87132.75,single,0,5,486,0.55,2,12620.97,19225.82,6256.05,9.65,4.54,1
35,118571.09,widowed,5,17,666,0.36,2,37886.43,13715.16,2648.99,24.7,21.17,0
45,93561.91,widowed,5,28,650,0.37,1,31934.23,38949.39,8099.34,15.63,13.34,0
30,189008.11,married,5,10,638,0.39,1,74570.28,32096.84,9045.57,20.9,15.27,0
57,125935.42,widowed,3,37,477,0.46,2,43909.55,45376.87,6894.53,24.95,14.04,0
36,60326.26,married,3,17,507,0.51,3,8003.22,56491.44,4448.79,11.98,8.47,1
36,60326.26,married,3,17,507,0.51,3,8003.22,56491.44,4448.79,11.98,8.47,1
38,86954.72,single,1,13,532,0.39,2,6277.87,25654.56,9348.71,9.85,5.07,1
53,158188.71,widowed,2,33,452,0.51,2,52927.12,19812.93,8611,10.89,8,1
63,179909.72,widowed,5,40,607,0.49,3,68537.7,40007.84,9139.83,24.91,17.13,0
59,133249.43,married,4,34,422,0.55,3,35884.56,25343.37,9618.18,8.55,4.88,1
29,204217.08,single,0,11,538,0.57,2,81182.44,58612.42,8471.58,10.08,8.3,1
38,86954.72,single,1,13,532,0.39,2,6277.87,25654.56,9348.71,9.85,5.07,1
41,144094,widowed,3,22,492,0.52,1,40528.33,37772.55,9531.17,9.56,7.54,1
58,132567.76,married,4,40,649,0.45,1,36277.04,35814.11,4044.01,20.83,14.39,0
53,144505.93,single,0,28,578,0.34,2,53383.15,25629.21,8279.09,16.76,10.8,0
53,158188.71,widowed,2,33,452,0.51,2,52927.12,19812.93,8611,10.89,8,1
38,86954.72,single,1,13,532,0.39,2,6277.87,25654.56,9348.71,9.85,5.07,1
29,204217.08,single,0,11,538,0.57,2,81182.44,58612.42,8471.58,10.08,8.3,1
53,158188.71,widowed,2,33,452,0.51,2,52927.12,19812.93,8611,10.89,8,1
36,60326.26,married,3,17,507,0.51,3,8003.22,56491.44,4448.79,11.98,8.47,1
29,204217.08,single,0,11,538,0.57,2,81182.44,58612.42,8471.58,10.08,8.3,1
62,143695.82,widowed,3,40,473,0.52,2,51100.13,41055.83,7452.77,24.48,13.32,0
31,143966.34,married,6,7,581,0.49,2,40711.13,39443.8,7914.02,13.8,9.03,0
55,187136.45,widowed,6,30,540,0.29,1,66417.72,24437.48,7556.46,25.27,14.35,0
54,131376.66,widowed,4,30,600,0.42,2,38407.11,48221.85,9450.86,29.1,22.25,0
24,82565.4,widowed,7,6,615,0.43,2,22092.13,5406.35,2926.36,25.33,15.02,0
21,87132.75,single,0,5,486,0.55,2,12620.97,19225.82,6256.05,9.65,4.54,1
39,180993.92,widowed,3,22,611,0.57,1,71535.54,36622.61,5925.02,12.34,6.39,0
38,86954.72,single,1,13,532,0.39,2,6277.87,25654.56,9348.71,9.85,5.07,1
31,169504.97,married,4,7,553,0.42,2,55112.59,15362.89,3018.73,15.54,11.32,0
39,165098.07,married,2,14,549,0.54,2,47557.84,4497,8021.39,10.44,5.37,1
24,155282.82,widowed,4,6,568,0.54,3,54431.47,15231.75,5733.73,11.27,8.01,0
36,60326.26,married,3,17,507,0.51,3,8003.22,56491.44,4448.79,11.98,8.47,1
38,86954.72,single,1,13,532,0.39,2,6277.87,25654.56,9348.71,9.85,5.07,1
39,165098.07,married,2,14,549,0.54,2,47557.84,4497,8021.39,10.44,5.37,1
21,87132.75,single,0,5,486,0.55,2,12620.97,19225.82,6256.05,9.65,4.54,1
39,109599.99,married,5,20,458,0.5,1,26041.46,18790,7244.13,27.9,16.98,0
41,105002.27,single,0,16,644,0.42,2,23508.98,15885.29,8359.38,18.93,8.69,0
41,144094,widowed,3,22,492,0.52,1,40528.33,37772.55,9531.17,9.56,7.54,1
63,175432.9,single,0,40,647,0.42,3,63395.46,13069.94,6116.69,10.25,8.17,0
38,86954.72,single,1,13,532,0.39,2,6277.87,25654.56,9348.71,9.85,5.07,1
53,158188.71,widowed,2,33,452,0.51,2,52927.12,19812.93,8611,10.89,8,1
22,160735.75,widowed,5,5,645,0.4,2,55714.31,30580.44,3617.01,29.26,20.18,0
56,123779.97,married,2,34,397,0.45,1,33147.42,39665.19,3926.29,18.39,13.27,0
39,165098.07,married,2,14,549,0.54,2,47557.84,4497,8021.39,10.44,5.37,1
21,87132.75,single,0,5,486,0.55,2,12620.97,19225.82,6256.05,9.65,4.54,1
51,165199.25,single,0,32,577,0.37,3,52174.1,76036.81,8979.45,29.41,16.76,0
59,133249.43,married,4,34,422,0.55,3,35884.56,25343.37,9618.18,8.55,4.88,1
40,106710.28,widowed,3,21,652,0.45,1,18111.61,53753.28,4066.8,29.3,18.32,0
53,158188.71,widowed,2,33,452,0.51,2,52927.12,19812.93,8611,10.89,8,1
36,60326.26,married,3,17,507,0.51,3,8003.22,56491.44,4448.79,11.98,8.47,1
29,204217.08,single,0,11,538,0.57,2,81182.44,58612.42,8471.58,10.08,8.3,1
27,174787.76,widowed,7,9,767,0.46,2,59557.33,48571.68,7507.29,19.69,14.66,0
29,204217.08,single,0,11,538,0.57,2,81182.44,58612.42,8471.58,10.08,8.3,1
38,86954.72,single,1,13,532,0.39,2,6277.87,25654.56,9348.71,9.85,5.07,1
19,125715.11,single,1,5,548,0.54,2,35011.35,12011.23,7451.69,28.48,20.84,0
29,143830.37,single,2,9,488,0.54,1,46935.81,23942.2,2574.06,29.81,12.98,0
19,150520.69,married,7,5,686,0.47,0,54422.14,11374.68,1278.32,24.83,11.25,0
19,80409.8,married,4,5,570,0.43,2,9876.29,34517.8,9136,20.2,8.17,0
53,158188.71,widowed,2,33,452,0.51,2,52927.12,19812.93,8611,10.89,8,1
26,144222.01,married,4,9,620,0.41,3,37278.61,28307.06,6767.37,28.76,19.08,0
50,166311.18,single,2,30,498,0.48,1,66864.06,7020.66,2082.11,17.67,13.18,0
59,133249.43,married,4,34,422,0.55,3,35884.56,25343.37,9618.18,8.55,4.88,1
65,131147.65,married,4,40,770,0.37,2,39874.08,37453.72,4603.94,21.26,15.68,0
57,143082.74,married,3,32,480,0.56,2,44910.08,17091.41,2193.9,9.94,6.08,0
39,165098.07,married,2,14,549,0.54,2,47557.84,4497,8021.39,10.44,5.37,1
53,152228.4,married,3,29,609,0.44,2,46436.49,14511.73,6860.48,18.47,12.17,0
59,133249.43,married,4,34,422,0.55,3,35884.56,25343.37,9618.18,8.55,4.88,1
28,155328.91,married,4,5,536,0.4,1,51693.28,22783.44,3786.42,12.57,7.14,0
29,204217.08,single,0,11,538,0.57,2,81182.44,58612.42,8471.58,10.08,8.3,1
32,131869.27,widowed,4,12,546,0.47,1,43919.7,49066.5,5610.77,18.67,16.43,0
55,116585.52,single,2,32,540,0.44,1,27803.19,26677.15,3566.55,26.48,15.42,0
48,130802.28,single,0,28,462,0.39,2,36726.11,25262.49,7545.71,27.22,21.35,0
53,158188.71,widowed,2,33,452,0.51,2,52927.12,19812.93,8611,10.89,8,1
36,60326.26,married,3,17,507,0.51,3,8003.22,56491.44,4448.79,11.98,8.47,1
42,168811.71,widowed,3,25,574,0.48,3,61417.24,11452.4,8343.66,22.76,12.17,0
38,86954.72,single,1,13,532,0.39,2,6277.87,25654.56,9348.71,9.85,5.07,1
39,165098.07,married,2,14,549,0.54,2,47557.84,4497,8021.39,10.44,5.37,1
21,87132.75,single,0,5,486,0.55,2,12620.97,19225.82,6256.05,9.65,4.54,1
43,191818.36,single,0,23,556,0.45,2,73511.5,3491.49,6680.75,10.97,6.08,0
21,87132.75,single,0,5,486,0.55,2,12620.97,19225.82,6256.05,9.65,4.54,1
42,113144.41,widowed,4,24,466,0.44,1,38392.75,9280.82,4392.56,23.9,20.51,0
54,126625.49,married,1,29,619,0.4,3,45169.05,16121.35,7221,8.55,5.42,0
36,60326.26,married,3,17,507,0.51,3,8003.22,56491.44,4448.79,11.98,8.47,1
38,86954.72,single,1,13,532,0.39,2,6277.87,25654.56,9348.71,9.85,5.07,1
41,144094,widowed,3,22,492,0.52,1,40528.33,37772.55,9531.17,9.56,7.54,1
29,204217.08,single,0,11,538,0.57,2,81182.44,58612.42,8471.58,10.08,8.3,1
58,135930.04,married,3,38,590,0.37,1,47377.53,7063.22,4732.08,18.41,15.8,0
38,86954.72,single,1,13,532,0.39,2,6277.87,25654.56,9348.71,9.85,5.07,1
36,160606.21,single,2,11,493,0.34,3,55455.68,26136.11,4333.71,29.59,24.17,0
23,166702.49,married,5,5,714,0.33,1,58461.58,16356.39,8713.16,13.74,9.67,0
32,119910.77,single,1,10,484,0.52,1,37945.37,3732,5102.26,27.4,14.46,0
53,158188.71,widowed,2,33,452,0.51,2,52927.12,19812.93,8611,10.89,8,1
26,106117.65,widowed,5,7,617,0.35,3,31544.62,33235.28,6828.51,8.89,7.71,0
38,86954.72,single,1,13,532,0.39,2,6277.87,25654.56,9348.71,9.85,5.07,1
21,87132.75,single,0,5,486,0.55,2,12620.97,19225.82,6256.05,9.65,4.54,1
39,126550.44,single,1,14,608,0.51,1,35127.12,16526.26,3514.21,8.03,4.96,0
36,60326.26,married,3,17,507,0.51,3,8003.22,56491.44,4448.79,11.98,8.47,1
21,87132.75,single,0,5,486,0.55,2,12620.97,19225.82,6256.05,9.65,4.54,1
47,150208.24,single,1,25,485,0.51,3,57130.64,66885.17,5361.36,25.49,17.35,0
41,144094,widowed,3,22,492,0.52,1,40528.33,37772.55,9531.17,9.56,7.54,1
39,165098.07,married,2,14,549,0.54,2,47557.84,4497,8021.39,10.44,5.37,1
32,173071.67,widowed,5,14,648,0.4,1,50943.17,8134.67,7320.28,17.42,7.5,0
63,132563.38,single,0,40,509,0.44,2,40524.84,39226.51,7074.09,20.75,15.75,0
36,60326.26,married,3,17,507,0.51,3,8003.22,56491.44,4448.79,11.98,8.47,1
36,60326.26,married,3,17,507,0.51,3,8003.22,56491.44,4448.79,11.98,8.47,1
53,158188.71,widowed,2,33,452,0.51,2,52927.12,19812.93,8611,10.89,8,1
41,144094,widowed,3,22,492,0.52,1,40528.33,37772.55,9531.17,9.56,7.54,1
41,144094,widowed,3,22,492,0.52,1,40528.33,37772.55,9531.17,9.56,7.54,1
20,111279.89,single,1,5,544,0.41,1,26150.9,16330.76,4036.46,12.7,5.48,0
21,87132.75,single,0,5,486,0.55,2,12620.97,19225.82,6256.05,9.65,4.54,1
25,159632.81,widowed,5,5,593,0.43,1,45250.89,34225.42,6494.11,13.2,9.65,0
29,204217.08,single,0,11,538,0.57,2,81182.44,58612.42,8471.58,10.08,8.3,1
65,173285.05,widowed,5,40,664,0.31,2,70619.81,29002.87,6853.7,16.83,6.79,0
29,204217.08,single,0,11,538,0.57,2,81182.44,58612.42,8471.58,10.08,8.3,1
41,144094,widowed,3,22,492,0.52,1,40528.33,37772.55,9531.17,9.56,7.54,1
41,144094,widowed,3,22,492,0.52,1,40528.33,37772.55,9531.17,9.56,7.54,1
62,129525.07,single,1,38,469,0.55,1,48151.74,37191.71,8161.44,23.4,20.13,0
40,121301.38,single,2,19,448,0.47,2,36559.93,18601.16,7063.62,20.22,12.61,0
48,100994.73,widowed,3,29,556,0.44,2,29875.28,30386.75,3223.81,10.92,7.27,0
34,188880.94,single,1,12,594,0.4,2,74256.49,35558.78,8610.41,9.16,5.54,0
59,133249.43,married,4,34,422,0.55,3,35884.56,25343.37,9618.18,8.55,4.88,1
29,204217.08,single,0,11,538,0.57,2,81182.44,58612.42,8471.58,10.08,8.3,1
21,87132.75,single,0,5,486,0.55,2,12620.97,19225.82,6256.05,9.65,4.54,1
39,165098.07,married,2,14,549,0.54,2,47557.84,4497,8021.39,10.44,5.37,1
53,158188.71,widowed,2,33,452,0.51,2,52927.12,19812.93,8611,10.89,8,1
49,124120.36,widowed,3,30,546,0.47,1,37339.67,29681.48,5946.16,13.1,11.32,0
38,86954.72,single,1,13,532,0.39,2,6277.87,25654.56,9348.71,9.85,5.07,1
59,133249.43,married,4,34,422,0.55,3,35884.56,25343.37,9618.18,8.55,4.88,1
34,136208.19,widowed,6,15,663,0.46,1,39263.13,67397.61,8852.61,27.3,20.56,0
38,86954.72,single,1,13,532,0.39,2,6277.87,25654.56,9348.71,9.85,5.07,1
59,133249.43,married,4,34,422,0.55,3,35884.56,25343.37,9618.18,8.55,4.88,1
39,165098.07,married,2,14,549,0.54,2,47557.84,4497,8021.39,10.44,5.37,1
39,165098.07,married,2,14,549,0.54,2,47557.84,4497,8021.39,10.44,5.37,1
59,133249.43,married,4,34,422,0.55,3,35884.56,25343.37,9618.18,8.55,4.88,1
39,165098.07,married,2,14,549,0.54,2,47557.84,4497,8021.39,10.44,5.37,1
41,144094,widowed,3,22,492,0.52,1,40528.33,37772.55,9531.17,9.56,7.54,1
53,158188.71,widowed,2,33,452,0.51,2,52927.12,19812.93,8611,10.89,8,1
53,158188.71,widowed,2,33,452,0.51,2,52927.12,19812.93,8611,10.89,8,1
29,204217.08,single,0,11,538,0.57,2,81182.44,58612.42,8471.58,10.08,8.3,1
29,204217.08,single,0,11,538,0.57,2,81182.44,58612.42,8471.58,10.08,8.3,1
37,163468.37,single,2,12,622,0.46,1,54815.6,33771.32,3290.68,28.63,12.27,0
39,161926.46,married,3,14,650,0.44,2,55251.8,2665.91,5894.39,14,8.12,0
58,135930.04,married,3,38,590,0.37,1,47377.53,7063.22,4732.08,18.41,15.8,0
24,94207.75,single,1,5,419,0.31,2,22132.72,22265.64,4589.65,14.45,11.78,0
41,105002.27,single,0,16,644,0.42,2,23508.98,15885.29,8359.38,18.93,8.69,0
38,86954.72,single,1,13,532,0.39,2,6277.87,25654.56,9348.71,9.85,5.07,1
53,158188.71,widowed,2,33,452,0.51,2,52927.12,19812.93,8611,10.89,8,1
41,144094,widowed,3,22,492,0.52,1,40528.33,37772.55,9531.17,9.56,7.54,1
34,149571.2,single,1,14,506,0.47,3,39453,35765.74,4543.38,23.29,13.39,0
51,168035.32,widowed,4,34,416,0.48,2,58313.46,28385.62,3540.01,12.59,5.79,0
52,200083.23,single,2,31,634,0.38,3,76308.57,2368.47,2468.37,16.34,13.74,0
20,111279.89,single,1,5,544,0.41,1,26150.9,16330.76,4036.46,12.7,5.48,0
53,158188.71,widowed,2,33,452,0.51,2,52927.12,19812.93,8611,10.89,8,1
21,87132.75,single,0,5,486,0.55,2,12620.97,19225.82,6256.05,9.65,4.54,1
31,161941.58,single,2,8,598,0.44,1,57986.02,26457.97,5030.28,13.63,8.78,0
27,123636.64,widowed,4,5,511,0.5,2,34176.6,29121.65,3455.53,19.65,10.76,0
56,168712.74,married,4,39,591,0.38,1,51743.08,10699.05,6931.36,26.62,14.67,0
20,204047.08,single,2,5,468,0.47,2,80803.36,24685.03,5362.97,17.64,11.08,0
36,60326.26,married,3,17,507,0.51,3,8003.22,56491.44,4448.79,11.98,8.47,1
40,177091.43,widowed,5,15,641,0.55,2,58446.24,22780.57,6640.4,20.88,9.69,0
55,87167.7,widowed,5,30,588,0.4,1,25442.69,68909.69,6981.61,25.47,15.83,0
41,144094,widowed,3,22,492,0.52,1,40528.33,37772.55,9531.17,9.56,7.54,1
49,163715.31,single,0,26,496,0.48,3,53327.75,27651.67,5420.11,26.86,21.29,0
39,165098.07,married,2,14,549,0.54,2,47557.84,4497,8021.39,10.44,5.37,1
59,133249.43,married,4,34,422,0.55,3,35884.56,25343.37,9618.18,8.55,4.88,1
45,158757.15,single,1,24,632,0.43,3,58239.1,24571.27,5468.79,25.4,15.72,0
59,133249.43,married,4,34,422,0.55,3,35884.56,25343.37,9618.18,8.55,4.88,1
41,144094,widowed,3,22,492,0.52,1,40528.33,37772.55,9531.17,9.56,7.54,1
59,133249.43,married,4,34,422,0.55,3,35884.56,25343.37,9618.18,8.55,4.88,1
39,180993.92,widowed,3,22,611,0.57,1,71535.54,36622.61,5925.02,12.34,6.39,0
38,86954.72,single,1,13,532,0.39,2,6277.87,25654.56,9348.71,9.85,5.07,1
32,171334.97,widowed,5,10,622,0.45,2,61769.43,11764.54,2597.51,13.46,11.86,0
59,133249.43,married,4,34,422,0.55,3,35884.56,25343.37,9618.18,8.55,4.88,1
39,130782.51,widowed,4,15,483,0.51,3,40689.41,73851.53,4816.71,29.78,20.54,0
59,133249.43,married,4,34,422,0.55,3,35884.56,25343.37,9618.18,8.55,4.88,1
47,165837.15,married,3,26,549,0.44,1,61896.17,19218.08,6168.57,24.19,21.75,0
42,115253.82,married,4,20,601,0.47,1,33839.98,14089.8,5615.56,23.06,9.39,0
38,86954.72,single,1,13,532,0.39,2,6277.87,25654.56,9348.71,9.85,5.07,1
38,179286.23,widowed,5,17,631,0.5,2,71882.32,56642.38,3683.77,26.62,22.93,0
55,135553.03,widowed,6,35,608,0.29,2,39709.59,40685.71,6398.04,9.81,4.97,0
29,204217.08,single,0,11,538,0.57,2,81182.44,58612.42,8471.58,10.08,8.3,1
59,133249.43,married,4,34,422,0.55,3,35884.56,25343.37,9618.18,8.55,4.88,1
41,144094,widowed,3,22,492,0.52,1,40528.33,37772.55,9531.17,9.56,7.54,1
21,203088.56,widowed,6,5,762,0.5,1,70402.99,31725.21,4922.07,20.84,10.44,0
49,166032.46,married,4,26,601,0.37,2,61492.43,25194.15,8551.94,23.26,14.51,0
29,204217.08,single,0,11,538,0.57,2,81182.44,58612.42,8471.58,10.08,8.3,1
59,133249.43,married,4,34,422,0.55,3,35884.56,25343.37,9618.18,8.55,4.88,1
19,63447.2,widowed,4,5,644,0.38,2,2236.06,58009.87,5397.34,25.03,12.07,0
21,87132.75,single,0,5,486,0.55,2,12620.97,19225.82,6256.05,9.65,4.54,1
36,60326.26,married,3,17,507,0.51,3,8003.22,56491.44,4448.79,11.98,8.47,1
21,87132.75,single,0,5,486,0.55,2,12620.97,19225.82,6256.05,9.65,4.54,1
38,86954.72,single,1,13,532,0.39,2,6277.87,25654.56,9348.71,9.85,5.07,1
36,60326.26,married,3,17,507,0.51,3,8003.22,56491.44,4448.79,11.98,8.47,1
39,165098.07,married,2,14,549,0.54,2,47557.84,4497,8021.39,10.44,5.37,1
42,88909.72,widowed,5,23,506,0.39,2,15725.79,32968.87,7020.94,21.9,18.97,0
59,132881.43,single,1,40,517,0.5,1,48653.57,33847.88,8366.19,28.16,22.91,0
41,144094,widowed,3,22,492,0.52,1,40528.33,37772.55,9531.17,9.56,7.54,1
38,86954.72,single,1,13,532,0.39,2,6277.87,25654.56,9348.71,9.85,5.07,1
29,204217.08,single,0,11,538,0.57,2,81182.44,58612.42,8471.58,10.08,8.3,1
59,133249.43,married,4,34,422,0.55,3,35884.56,25343.37,9618.18,8.55,4.88,1
62,147145.21,single,1,40,523,0.41,3,53532.98,30789.94,5036.42,26.94,20.22,0
53,106093.75,married,5,33,445,0.52,2,26589.62,23555.52,7658.84,17.08,6.96,0
36,123898.34,single,2,14,523,0.39,2,41283.65,42552.55,3829.8,15.72,10.84,0
41,144094,widowed,3,22,492,0.52,1,40528.33,37772.55,9531.17,9.56,7.54,1
40,166576.93,single,2,23,522,0.5,1,58583.86,36600.31,5267.95,17.01,14.95,0
48,148243.24,single,2,23,502,0.46,2,53639.17,16516.51,6315.19,23.97,10.53,0
36,60326.26,married,3,17,507,0.51,3,8003.22,56491.44,4448.79,11.98,8.47,1
46,115816.67,married,5,29,576,0.48,2,23367.13,18083.2,6572.97,11.81,5.34,0
59,133249.43,married,4,34,422,0.55,3,35884.56,25343.37,9618.18,8.55,4.88,1
48,151824.91,married,4,26,557,0.42,1,46771.86,16864.3,7986.44,28.97,21.09,0
21,87132.75,single,0,5,486,0.55,2,12620.97,19225.82,6256.05,9.65,4.54,1
22,161824.29,single,0,5,503,0.51,2,50481.4,26808.46,6580.19,26.93,17.5,0
41,144094,widowed,3,22,492,0.52,1,40528.33,37772.55,9531.17,9.56,7.54,1
38,86954.72,single,1,13,532,0.39,2,6277.87,25654.56,9348.71,9.85,5.07,1
37,132468.21,widowed,3,16,470,0.48,1,36896.6,23498.13,3275.28,28.88,16.48,0
38,86954.72,single,1,13,532,0.39,2,6277.87,25654.56,9348.71,9.85,5.07,1
39,165098.07,married,2,14,549,0.54,2,47557.84,4497,8021.39,10.44,5.37,1
36,60326.26,married,3,17,507,0.51,3,8003.22,56491.44,4448.79,11.98,8.47,1
53,158188.71,widowed,2,33,452,0.51,2,52927.12,19812.93,8611,10.89,8,1
59,133249.43,married,4,34,422,0.55,3,35884.56,25343.37,9618.18,8.55,4.88,1
24,136937.86,married,3,5,545,0.44,2,48185.45,47085.23,1947.27,22.87,18.95,0
37,132468.21,widowed,3,16,470,0.48,1,36896.6,23498.13,3275.28,28.88,16.48,0
25,222545.32,single,1,5,300,0.6,2,87274.79,36096.34,9462.99,29.03,19.08,0
39,98691.65,single,0,18,510,0.35,2,29193.54,29704.38,9144.32,9.24,7.51,0
57,111464.47,married,4,39,511,0.37,3,21556.72,28295.95,8536.46,29.98,21.29,0
37,98093.11,married,4,20,587,0.35,2,20426.56,41870.95,5370.88,21.84,18.75,0
21,87132.75,single,0,5,486,0.55,2,12620.97,19225.82,6256.05,9.65,4.54,1
53,158188.71,widowed,2,33,452,0.51,2,52927.12,19812.93,8611,10.89,8,1
39,165098.07,married,2,14,549,0.54,2,47557.84,4497,8021.39,10.44,5.37,1
63,184121.03,single,2,40,473,0.51,2,71237.99,26485.04,6093.78,14.1,8.37,0
53,158188.71,widowed,2,33,452,0.51,2,52927.12,19812.93,8611,10.89,8,1
46,160108.33,married,3,28,572,0.46,3,51097.39,54177.32,3587.86,21.62,9.79,0
39,165098.07,married,2,14,549,0.54,2,47557.84,4497,8021.39,10.44,5.37,1
38,86954.72,single,1,13,532,0.39,2,6277.87,25654.56,9348.71,9.85,5.07,1
58,132020.52,married,4,33,643,0.47,2,40335.48,21516.96,3389.74,16.71,13.44,0
59,133249.43,married,4,34,422,0.55,3,35884.56,25343.37,9618.18,8.55,4.88,1
59,133249.43,married,4,34,422,0.55,3,35884.56,25343.37,9618.18,8.55,4.88,1
29,95659.29,single,0,10,418,0.46,2,19262.83,34190.32,7391.34,26.29,19.54,0
21,87132.75,single,0,5,486,0.55,2,12620.97,19225.82,6256.05,9.65,4.54,1
26,144222.01,married,4,9,620,0.41,3,37278.61,28307.06,6767.37,28.76,19.08,0
41,102554.88,widowed,5,18,641,0.35,1,26447.22,41938.19,3629.28,24.06,15.74,0
36,60326.26,married,3,17,507,0.51,3,8003.22,56491.44,4448.79,11.98,8.47,1
41,144094,widowed,3,22,492,0.52,1,40528.33,37772.55,9531.17,9.56,7.54,1
33,131051.87,widowed,2,13,465,0.51,0,32088.92,25288.6,5088.08,25.1,16.79,0
59,133249.43,married,4,34,422,0.55,3,35884.56,25343.37,9618.18,8.55,4.88,1
28,152650.61,single,2,11,571,0.43,1,58290.15,20401.96,5059.81,15.02,13.5,0
38,86954.72,single,1,13,532,0.39,2,6277.87,25654.56,9348.71,9.85,5.07,1
45,93561.91,widowed,5,28,650,0.37,1,31934.23,38949.39,8099.34,15.63,13.34,0
36,60326.26,married,3,17,507,0.51,3,8003.22,56491.44,4448.79,11.98,8.47,1
48,106396.99,married,3,23,438,0.41,1,21783.6,19662.7,1048.79,25.53,13.65,0
57,115054.2,married,3,34,488,0.38,3,37556.84,32644.67,1611.99,24.4,12.01,0
21,87132.75,single,0,5,486,0.55,2,12620.97,19225.82,6256.05,9.65,4.54,1
17,184963.1,single,2,5,609,0.36,2,69736.86,16609.68,7726.45,14.6,9.93,0
19,162951.25,widowed,2,5,689,0.37,2,54465.26,24711.64,6634.9,13.16,7.82,0
39,165098.07,married,2,14,549,0.54,2,47557.84,4497,8021.39,10.44,5.37,1
21,87132.75,single,0,5,486,0.55,2,12620.97,19225.82,6256.05,9.65,4.54,1
36,60326.26,married,3,17,507,0.51,3,8003.22,56491.44,4448.79,11.98,8.47,1
53,158188.71,widowed,2,33,452,0.51,2,52927.12,19812.93,8611,10.89,8,1
38,86954.72,single,1,13,532,0.39,2,6277.87,25654.56,9348.71,9.85,5.07,1
45,152513.61,married,3,20,621,0.37,2,58953.65,30771.39,4330.85,10.45,8.7,0
36,175920.75,married,3,17,527,0.51,3,58424.12,27956.11,6581.78,22.84,18.72,0
53,158188.71,widowed,2,33,452,0.51,2,52927.12,19812.93,8611,10.89,8,1
53,158188.71,widowed,2,33,452,0.51,2,52927.12,19812.93,8611,10.89,8,1
39,165098.07,married,2,14,549,0.54,2,47557.84,4497,8021.39,10.44,5.37,1
55,116585.52,single,2,32,540,0.44,1,27803.19,26677.15,3566.55,26.48,15.42,0
21,87132.75,single,0,5,486,0.55,2,12620.97,19225.82,6256.05,9.65,4.54,1
36,60326.26,married,3,17,507,0.51,3,8003.22,56491.44,4448.79,11.98,8.47,1
22,158463.23,widowed,6,5,690,0.48,2,60872.15,59070.53,4267.77,15.77,13.86,0
39,165098.07,married,2,14,549,0.54,2,47557.84,4497,8021.39,10.44,5.37,1
29,204217.08,single,0,11,538,0.57,2,81182.44,58612.42,8471.58,10.08,8.3,1
59,133249.43,married,4,34,422,0.55,3,35884.56,25343.37,9618.18,8.55,4.88,1
19,91186.97,married,4,5,592,0.46,2,22119.89,45116.33,5372.01,12.06,6.93,0
41,144094,widowed,3,22,492,0.52,1,40528.33,37772.55,9531.17,9.56,7.54,1
36,60326.26,married,3,17,507,0.51,3,8003.22,56491.44,4448.79,11.98,8.47,1
29,204217.08,single,0,11,538,0.57,2,81182.44,58612.42,8471.58,10.08,8.3,1
53,158188.71,widowed,2,33,452,0.51,2,52927.12,19812.93,8611,10.89,8,1
36,60326.26,married,3,17,507,0.51,3,8003.22,56491.44,4448.79,11.98,8.47,1
59,133249.43,married,4,34,422,0.55,3,35884.56,25343.37,9618.18,8.55,4.88,1
29,204217.08,single,0,11,538,0.57,2,81182.44,58612.42,8471.58,10.08,8.3,1
38,86954.72,single,1,13,532,0.39,2,6277.87,25654.56,9348.71,9.85,5.07,1
19,143787.2,single,2,5,467,0.46,1,44629.49,83608.33,2593.68,19.49,16.13,0
59,133249.43,married,4,34,422,0.55,3,35884.56,25343.37,9618.18,8.55,4.88,1
54,164527.85,widowed,4,34,608,0.54,2,55723.88,35209.89,3332.25,20.77,9.91,0
53,184847.62,single,2,35,481,0.41,3,73750.92,32082.05,3105.4,25.07,12.35,0
53,158188.71,widowed,2,33,452,0.51,2,52927.12,19812.93,8611,10.89,8,1
32,171334.97,widowed,5,10,622,0.45,2,61769.43,11764.54,2597.51,13.46,11.86,0
59,133249.43,married,4,34,422,0.55,3,35884.56,25343.37,9618.18,8.55,4.88,1
53,158188.71,widowed,2,33,452,0.51,2,52927.12,19812.93,8611,10.89,8,1
41,144094,widowed,3,22,492,0.52,1,40528.33,37772.55,9531.17,9.56,7.54,1
29,204217.08,single,0,11,538,0.57,2,81182.44,58612.42,8471.58,10.08,8.3,1
29,204217.08,single,0,11,538,0.57,2,81182.44,58612.42,8471.58,10.08,8.3,1
53,158188.71,widowed,2,33,452,0.51,2,52927.12,19812.93,8611,10.89,8,1
30,158867.25,single,0,7,527,0.49,2,60005.79,43670.32,2801.88,27.65,13.27,0
38,86954.72,single,1,13,532,0.39,2,6277.87,25654.56,9348.71,9.85,5.07,1
47,157914.25,married,4,22,581,0.43,1,50023.42,25104.79,6411.83,20.31,11.69,0
41,144094,widowed,3,22,492,0.52,1,40528.33,37772.55,9531.17,9.56,7.54,1
37,132468.21,widowed,3,16,470,0.48,1,36896.6,23498.13,3275.28,28.88,16.48,0
41,144094,widowed,3,22,492,0.52,1,40528.33,37772.55,9531.17,9.56,7.54,1
38,141568.76,single,2,17,467,0.45,2,52795.15,12912.98,4199.32,14.87,12.63,0
49,137716.87,widowed,3,29,478,0.51,3,39912.39,3555.57,7223.82,23.93,11.21,0
17,161342.69,widowed,5,5,589,0.45,1,53117.31,28574.31,4229.06,19.62,11.91,0
38,86954.72,single,1,13,532,0.39,2,6277.87,25654.56,9348.71,9.85,5.07,1
61,150763.76,single,0,36,479,0.44,3,44525.98,22601.89,6527.57,21.47,18.56,0
29,204217.08,single,0,11,538,0.57,2,81182.44,58612.42,8471.58,10.08,8.3,1
37,101410.72,single,2,20,745,0.44,2,22272.75,17316.8,5456.69,22.61,15.14,0
36,60326.26,married,3,17,507,0.51,3,8003.22,56491.44,4448.79,11.98,8.47,1
41,144094,widowed,3,22,492,0.52,1,40528.33,37772.55,9531.17,9.56,7.54,1
45,93561.91,widowed,5,28,650,0.37,1,31934.23,38949.39,8099.34,15.63,13.34,0
43,143917.27,married,2,24,478,0.36,1,33886.59,4398.62,5397.04,10.33,5.43,0
40,121301.38,single,2,19,448,0.47,2,36559.93,18601.16,7063.62,20.22,12.61,0
41,144094,widowed,3,22,492,0.52,1,40528.33,37772.55,9531.17,9.56,7.54,1
59,133249.43,married,4,34,422,0.55,3,35884.56,25343.37,9618.18,8.55,4.88,1
29,204217.08,single,0,11,538,0.57,2,81182.44,58612.42,8471.58,10.08,8.3,1
59,133249.43,married,4,34,422,0.55,3,35884.56,25343.37,9618.18,8.55,4.88,1
23,139664.69,widowed,2,5,445,0.54,2,35129.39,34794.72,2472.14,14.85,8.12,0
38,86954.72,single,1,13,532,0.39,2,6277.87,25654.56,9348.71,9.85,5.07,1
26,137255.01,widowed,2,7,514,0.49,1,37472.15,35402.24,4505.52,17.1,14.39,0
29,204217.08,single,0,11,538,0.57,2,81182.44,58612.42,8471.58,10.08,8.3,1
46,63589.22,widowed,5,23,541,0.38,2,6379.39,14001.42,5635.45,9.37,5.89,0
30,100226.4,widowed,5,9,560,0.44,2,22455,30622.63,6281.16,26.27,17.64,0
39,165098.07,married,2,14,549,0.54,2,47557.84,4497,8021.39,10.44,5.37,1
39,165098.07,married,2,14,549,0.54,2,47557.84,4497,8021.39,10.44,5.37,1
29,204217.08,single,0,11,538,0.57,2,81182.44,58612.42,8471.58,10.08,8.3,1
38,86954.72,single,1,13,532,0.39,2,6277.87,25654.56,9348.71,9.85,5.07,1
48,139636.28,single,1,25,563,0.46,1,32075.96,41321.26,4470.83,15.93,13.57,0
60,89370.19,married,5,39,532,0.47,1,24483.3,30462.69,6550.95,15.66,8.9,0
41,144094,widowed,3,22,492,0.52,1,40528.33,37772.55,9531.17,9.56,7.54,1
53,158188.71,widowed,2,33,452,0.51,2,52927.12,19812.93,8611,10.89,8,1
36,60326.26,married,3,17,507,0.51,3,8003.22,56491.44,4448.79,11.98,8.47,1
21,87132.75,single,0,5,486,0.55,2,12620.97,19225.82,6256.05,9.65,4.54,1
60,100377.09,married,4,37,527,0.43,1,27848.29,6636.88,6997.97,23.54,15.47,0
59,133249.43,married,4,34,422,0.55,3,35884.56,25343.37,9618.18,8.55,4.88,1
38,86954.72,single,1,13,532,0.39,2,6277.87,25654.56,9348.71,9.85,5.07,1
36,60326.26,married,3,17,507,0.51,3,8003.22,56491.44,4448.79,11.98,8.47,1
21,87132.75,single,0,5,486,0.55,2,12620.97,19225.82,6256.05,9.65,4.54,1
38,86954.72,single,1,13,532,0.39,2,6277.87,25654.56,9348.71,9.85,5.07,1
38,86954.72,single,1,13,532,0.39,2,6277.87,25654.56,9348.71,9.85,5.07,1
41,128208.01,widowed,5,24,612,0.38,1,43512.45,28056.04,5422.66,13.09,6.79,0
38,86954.72,single,1,13,532,0.39,2,6277.87,25654.56,9348.71,9.85,5.07,1
53,158188.71,widowed,2,33,452,0.51,2,52927.12,19812.93,8611,10.89,8,1
38,211977.5,single,1,17,407,0.42,2,88921.64,18558.86,8660.95,25.75,11.9,0
53,158188.71,widowed,2,33,452,0.51,2,52927.12,19812.93,8611,10.89,8,1
41,144094,widowed,3,22,492,0.52,1,40528.33,37772.55,9531.17,9.56,7.54,1
59,133249.43,married,4,34,422,0.55,3,35884.56,25343.37,9618.18,8.55,4.88,1
36,60326.26,married,3,17,507,0.51,3,8003.22,56491.44,4448.79,11.98,8.47,1
53,158188.71,widowed,2,33,452,0.51,2,52927.12,19812.93,8611,10.89,8,1
59,133249.43,married,4,34,422,0.55,3,35884.56,25343.37,9618.18,8.55,4.88,1
59,133249.43,married,4,34,422,0.55,3,35884.56,25343.37,9618.18,8.55,4.88,1
45,166790.32,widowed,3,27,524,0.52,1,54798.52,9180.66,6093.1,21.68,8.7,0
20,123534.7,widowed,5,5,572,0.5,2,30488.41,30168.01,3270.74,27.28,23.21,0
36,60326.26,married,3,17,507,0.51,3,8003.22,56491.44,4448.79,11.98,8.47,1
64,151926.54,widowed,3,40,669,0.41,4,40508.37,34158.79,2016.06,11.77,7.6,0
36,60326.26,married,3,17,507,0.51,3,8003.22,56491.44,4448.79,11.98,8.47,1
25,151848.1,single,2,5,499,0.38,3,41011.08,47738.11,7233.62,26.24,23.25,0
53,158188.71,widowed,2,33,452,0.51,2,52927.12,19812.93,8611,10.89,8,1
48,151824.91,married,4,26,557,0.42,1,46771.86,16864.3,7986.44,28.97,21.09,0
29,204217.08,single,0,11,538,0.57,2,81182.44,58612.42,8471.58,10.08,8.3,1
39,165098.07,married,2,14,549,0.54,2,47557.84,4497,8021.39,10.44,5.37,1
43,191818.36,single,0,23,556,0.45,2,73511.5,3491.49,6680.75,10.97,6.08,0
53,158188.71,widowed,2,33,452,0.51,2,52927.12,19812.93,8611,10.89,8,1
17,162411.59,single,0,5,667,0.43,2,58326.35,17250.62,6749.89,20.39,16.1,0
21,87132.75,single,0,5,486,0.55,2,12620.97,19225.82,6256.05,9.65,4.54,1
34,174500.59,widowed,1,15,556,0.42,2,65034.06,20140.45,7412.38,16.41,9.53,0
59,151371.14,widowed,3,34,526,0.44,2,50982.89,26671.96,2579,13.81,5.94,0
59,133249.43,married,4,34,422,0.55,3,35884.56,25343.37,9618.18,8.55,4.88,1
32,173238.62,single,1,13,530,0.52,2,72689.54,33799.67,5500.59,10.21,6.9,0
29,204217.08,single,0,11,538,0.57,2,81182.44,58612.42,8471.58,10.08,8.3,1
41,144094,widowed,3,22,492,0.52,1,40528.33,37772.55,9531.17,9.56,7.54,1
41,144094,widowed,3,22,492,0.52,1,40528.33,37772.55,9531.17,9.56,7.54,1
38,86954.72,single,1,13,532,0.39,2,6277.87,25654.56,9348.71,9.85,5.07,1
62,142331.3,widowed,4,38,638,0.4,2,44069.84,3360.9,7663.76,14.95,10.79,0
48,132700.55,widowed,5,25,598,0.51,0,41522.19,35726.83,2760.66,12.64,10.3,0
38,86954.72,single,1,13,532,0.39,2,6277.87,25654.56,9348.71,9.85,5.07,1
36,60326.26,married,3,17,507,0.51,3,8003.22,56491.44,4448.79,11.98,8.47,1
53,158188.71,widowed,2,33,452,0.51,2,52927.12,19812.93,8611,10.89,8,1
41,144094,widowed,3,22,492,0.52,1,40528.33,37772.55,9531.17,9.56,7.54,1
53,158188.71,widowed,2,33,452,0.51,2,52927.12,19812.93,8611,10.89,8,1
29,204217.08,single,0,11,538,0.57,2,81182.44,58612.42,8471.58,10.08,8.3,1
26,173741.31,married,3,5,622,0.43,2,64437.47,22510.47,3357.96,25.06,18.37,0
41,144094,widowed,3,22,492,0.52,1,40528.33,37772.55,9531.17,9.56,7.54,1
59,133249.43,married,4,34,422,0.55,3,35884.56,25343.37,9618.18,8.55,4.88,1
65,164718.83,single,1,40,653,0.46,2,63689.67,51436.04,8555.73,8.12,3.56,0
29,204217.08,single,0,11,538,0.57,2,81182.44,58612.42,8471.58,10.08,8.3,1
36,60326.26,married,3,17,507,0.51,3,8003.22,56491.44,4448.79,11.98,8.47,1
39,165098.07,married,2,14,549,0.54,2,47557.84,4497,8021.39,10.44,5.37,1
57,111464.47,married,4,39,511,0.37,3,21556.72,28295.95,8536.46,29.98,21.29,0
59,133249.43,married,4,34,422,0.55,3,35884.56,25343.37,9618.18,8.55,4.88,1
54,136780.56,married,4,32,594,0.49,2,41269.7,24837.26,3151.3,19.43,14.84,0
38,86954.72,single,1,13,532,0.39,2,6277.87,25654.56,9348.71,9.85,5.07,1
37,101458.11,single,1,19,464,0.52,1,19772,15212.53,3011.01,16.62,10.31,0
36,143824.32,widowed,3,12,530,0.5,3,53203.64,48112.38,4889.33,26.43,12.47,0
36,60326.26,married,3,17,507,0.51,3,8003.22,56491.44,4448.79,11.98,8.47,1
39,165098.07,married,2,14,549,0.54,2,47557.84,4497,8021.39,10.44,5.37,1
29,204217.08,single,0,11,538,0.57,2,81182.44,58612.42,8471.58,10.08,8.3,1
41,144094,widowed,3,22,492,0.52,1,40528.33,37772.55,9531.17,9.56,7.54,1
29,204217.08,single,0,11,538,0.57,2,81182.44,58612.42,8471.58,10.08,8.3,1
41,144094,widowed,3,22,492,0.52,1,40528.33,37772.55,9531.17,9.56,7.54,1
59,133249.43,married,4,34,422,0.55,3,35884.56,25343.37,9618.18,8.55,4.88,1
36,60326.26,married,3,17,507,0.51,3,8003.22,56491.44,4448.79,11.98,8.47,1
21,87132.75,single,0,5,486,0.55,2,12620.97,19225.82,6256.05,9.65,4.54,1
21,87132.75,single,0,5,486,0.55,2,12620.97,19225.82,6256.05,9.65,4.54,1
37,132468.21,widowed,3,16,470,0.48,1,36896.6,23498.13,3275.28,28.88,16.48,0
39,165098.07,married,2,14,549,0.54,2,47557.84,4497,8021.39,10.44,5.37,1
21,87132.75,single,0,5,486,0.55,2,12620.97,19225.82,6256.05,9.65,4.54,1
21,87132.75,single,0,5,486,0.55,2,12620.97,19225.82,6256.05,9.65,4.54,1
25,163075.83,single,2,8,488,0.52,2,65647.1,30343.53,6964.7,12.12,10.31,0
59,133249.43,married,4,34,422,0.55,3,35884.56,25343.37,9618.18,8.55,4.88,1
39,165098.07,married,2,14,549,0.54,2,47557.84,4497,8021.39,10.44,5.37,1
